Date,Open,High,Low,Close,Adj Close,Volume,MA5,MA20,MA50,Previous day close price,Change in price,Percent change in price,Previous day volume,Change in volume,Percent change in volume,VMA5,VMA20,Volume_Osc,Previous day open price,Change in open price,Percent change in open price,Previous day high price,Change in high price,Percent change in high price,Previous day low price,Change in low price,Percent change in low price
2025-02-03,261.83,268.17,261.7,266.81,261.45,8381400.0,,,,,,,,,,,,,,,,,,,,,
2025-02-04,269.84,269.84,266.83,267.94,262.56,5626000.0,,,,266.81,1.1299999999999955,0.0042352235673326355,8381400.0,-2755400.0,-0.3287517598491899,,,,261.83,8.009999999999991,0.03059236909445051,268.17,1.669999999999959,0.00622739307155884,261.7,5.1299999999999955,0.019602598395108917
2025-02-05,268.91,270.64,268.33,270.43,265.0,5704400.0,,,,267.94,2.490000000000009,0.009293125326565788,5626000.0,78400.0,0.013935300391041627,,,,269.84,-0.92999999999995,-0.0034464868069965515,269.84,0.8000000000000114,0.0029647198339757264,266.83,1.5,0.005621556796462146
2025-02-06,272.45,276.98,271.19,276.9,271.34,7264400.0,,,,270.43,6.46999999999997,0.023924860407499082,5704400.0,1560000.0,0.27347310847766626,,,,268.91,3.5399999999999636,0.013164255698932648,270.64,6.340000000000032,0.023425953295891366,268.33,2.8600000000000136,0.010658517497111886
2025-02-07,277.27,278.55,274.71,275.8,270.26,6857900.0,271.576,,,276.9,-1.099999999999966,-0.003972553268327794,7264400.0,-406500.0,-0.05595782170585317,6766820.0,,,272.45,4.819999999999993,0.017691319508166714,276.98,1.5699999999999932,0.005668279298144174,271.19,3.519999999999982,0.012979829639735874
2025-02-10,276.15,276.18,269.59,271.04,265.59,8627400.0,272.422,,,275.8,-4.759999999999991,-0.017258883248730927,6857900.0,1769500.0,0.25802359322824775,6816020.0,,,277.27,-1.1200000000000045,-0.004039383993940993,278.55,-2.3700000000000045,-0.008508346795907396,274.71,-5.1200000000000045,-0.018637836263696306
2025-02-11,270.26,276.22,269.66,274.99,269.46,7196400.0,273.832,,,271.04,3.9499999999999886,0.014573494687130983,8627400.0,-1431000.0,-0.16586688921343629,7130100.0,,,276.15,-5.889999999999986,-0.021328987868911797,276.18,0.040000000000020464,0.00014483307987545047,269.59,0.07000000000005002,0.0002596535479804096
2025-02-12,274.08,276.45,273.25,275.45,269.92,6683900.0,274.83599999999996,,,274.99,0.45999999999997954,0.0016727881013853807,7196400.0,-512500.0,-0.07121616363737426,7326000.0,,,270.26,3.819999999999993,0.014134537112410195,276.22,0.22999999999996135,0.0008326696111793375,269.66,3.589999999999975,0.013313060891492867
2025-02-13,275.5,276.97,273.81,276.32,270.77,8398700.0,274.72,,,275.45,0.8700000000000045,0.0031584679615175304,6683900.0,1714800.0,0.2565568006702674,7552860.0,,,274.08,1.420000000000016,0.0051809690601285485,276.45,0.5200000000000387,0.0018809911376380661,273.25,0.5600000000000023,0.0020494053064958884
2025-02-14,277.37,279.23,276.45,276.59,271.03,5688600.0,274.87800000000004,,,276.32,0.2699999999999818,0.0009771279675736544,8398700.0,-2710100.0,-0.32268089109028775,7319000.0,,,275.5,1.8700000000000045,0.006787658802177798,276.97,2.259999999999991,0.008159728490450213,273.81,2.6399999999999864,0.009641722362221827
2025-02-18,276.76,279.97,276.02,279.95,274.33,7919800.0,276.65999999999997,,,276.59,3.3600000000000136,0.012147944611157424,5688600.0,2231200.0,0.39222304257638085,7177480.0,,,277.37,-0.6100000000000136,-0.0021992284673901796,279.23,0.7400000000000091,0.0026501450417220074,276.45,-0.4300000000000068,-0.0015554349792006317
2025-02-19,278.38,280.25,277.22,279.25,273.64,7007200.0,277.512,,,279.95,-0.6999999999999886,-0.002500446508305054,7919800.0,-912600.0,-0.11523018258036821,7139640.0,,,276.76,1.6200000000000045,0.0058534470299176355,279.97,0.2799999999999727,0.0010001071543379592,276.02,1.2000000000000455,0.0043475110499240355
2025-02-20,278.68,278.74,265.74,266.8,261.44,13846700.0,275.78200000000004,,,279.25,-12.449999999999989,-0.04458370635631148,7007200.0,6839500.0,0.9760674734558739,8572200.0,,,278.38,0.30000000000001137,0.0010776636252605165,280.25,-1.509999999999991,-0.005388046387154288,277.22,-11.480000000000018,-0.04141115359642167
2025-02-21,268.32,269.2,262.84,264.24,258.93,12835600.0,273.366,,,266.8,-2.5600000000000023,-0.009595202398800629,13846700.0,-1011100.0,-0.07302100861577132,9459580.0,,,278.68,-10.360000000000014,-0.037175254772498945,278.74,-9.54000000000002,-0.03422544306522213,265.74,-2.900000000000034,-0.010912922405358794
2025-02-24,265.49,267.0,258.61,261.34,256.09,10372800.0,270.316,,,264.24,-2.900000000000034,-0.010974871329094915,12835600.0,-2462800.0,-0.19187260431923714,10396420.0,,,268.32,-2.829999999999984,-0.010547107930828803,269.2,-2.1999999999999886,-0.008172362555720625,262.84,-4.229999999999961,-0.016093440876578713
2025-02-25,262.23,263.0,253.35,257.4,252.23,9608400.0,265.806,,,261.34,-3.9399999999999977,-0.015076146016683278,10372800.0,-764400.0,-0.07369273484497918,10734140.0,,,265.49,-3.259999999999991,-0.01227918189009003,267.0,-4.0,-0.014981273408239737,258.61,-5.260000000000019,-0.02033950736630452
2025-02-26,257.16,260.91,256.93,258.79,253.59,5943600.0,261.714,,,257.4,1.3900000000000432,0.005400155400155482,9608400.0,-3664800.0,-0.38141626077182467,10521420.0,,,262.23,-5.069999999999993,-0.019334172291499807,263.0,-2.089999999999975,-0.007946768060836384,253.35,3.5800000000000125,0.014130649299388232
2025-02-27,260.18,263.64,257.86,259.05,253.84,8204400.0,260.164,,,258.79,0.2599999999999909,0.0010046756057033868,5943600.0,2260800.0,0.3803755299818292,9392960.0,,,257.16,3.019999999999982,0.011743661533675454,260.91,2.7299999999999613,0.010463378176382543,256.93,0.9300000000000068,0.0036196629432141414
2025-02-28,260.73,264.81,257.89,264.65,259.33,10467100.0,260.246,,,259.05,5.599999999999966,0.02161744836904056,8204400.0,2262700.0,0.27579103895470714,8919260.0,,,260.18,0.5500000000000114,0.002113921131524421,263.64,1.170000000000016,0.004437869822485174,257.86,0.029999999999972715,0.00011634220119427496
2025-03-03,264.0,266.32,257.82,260.62,255.38,9058300.0,260.102,269.21799999999996,,264.65,-4.029999999999973,-0.015227659172491914,10467100.0,-1408800.0,-0.13459315378662662,8656360.0,8284650.0,4.486731485337341,260.73,3.269999999999982,0.01254170981475089,264.81,1.509999999999991,0.005702201578490218,257.89,-0.06999999999999318,-0.0002714335569428128
2025-03-04,255.28,257.23,245.95,250.25,245.22,13465600.0,258.67199999999997,268.39,,260.62,-10.370000000000005,-0.03978973217711612,9058300.0,4407300.0,0.48654824856761203,9427800.0,8538860.0,10.410523184593728,264.0,-8.719999999999999,-0.033030303030303076,266.32,-9.089999999999975,-0.03413187143286267,257.82,-11.870000000000005,-0.046039872779458535
2025-03-05,251.25,253.05,247.83,251.53,246.48,7861400.0,257.21999999999997,267.5695,,250.25,1.2800000000000011,0.005114885114885226,13465600.0,-5604200.0,-0.416186430608365,9811360.0,8650630.0,13.417866675606286,255.28,-4.030000000000001,-0.01578658727671578,257.23,-4.180000000000007,-0.016250048594642963,245.95,1.8800000000000239,0.007643830046757616
2025-03-06,248.11,249.36,243.85,246.54,241.59,9983200.0,254.71800000000002,266.375,,251.53,-4.990000000000009,-0.019838587842404554,7861400.0,2121800.0,0.26990103543898036,10167120.0,8864570.0,14.693888141218356,251.25,-3.1399999999999864,-0.012497512437810943,253.05,-3.6899999999999977,-0.014582098399525734,247.83,-3.980000000000018,-0.016059395553403633
2025-03-07,245.23,246.72,239.42,242.28,237.41,20498700.0,250.244,264.644,,246.54,-4.259999999999991,-0.017279143343879255,9983200.0,10515500.0,1.0533195768891739,12173440.0,9526285.0,27.78790472886335,248.11,-2.880000000000024,-0.011607754624964883,249.36,-2.640000000000015,-0.010587102983638186,243.85,-4.430000000000007,-0.018166905884765217
2025-03-10,236.21,237.51,228.7,232.22,227.55,18887200.0,244.56400000000002,262.46500000000003,,242.28,-10.060000000000002,-0.04152220571239884,20498700.0,-1611500.0,-0.07861474142262681,14139220.0,10127750.0,39.608698871911336,245.23,-9.019999999999982,-0.036781796680667056,246.72,-9.210000000000008,-0.03732976653696496,239.42,-10.719999999999999,-0.04477487260880464
2025-03-11,231.75,233.32,226.69,229.14,224.54,18143000.0,240.342,260.37,,232.22,-3.0800000000000125,-0.013263284816122711,18887200.0,-744200.0,-0.039402346562751545,15074700.0,10603530.0,42.16680671436776,236.21,-4.460000000000008,-0.018881503746666084,237.51,-4.189999999999998,-0.01764136246894865,228.7,-2.009999999999991,-0.008788806296458174
2025-03-12,234.0,234.32,227.26,227.9,223.32,16054000.0,235.61599999999999,258.01550000000003,,229.14,-1.2399999999999807,-0.005411538797241766,18143000.0,-2089000.0,-0.11514082566279005,16713220.0,11046410.0,51.300015118033826,231.75,2.25,0.009708737864077666,233.32,1.0,0.0042859591976684985,226.69,0.5699999999999932,0.0025144470422162613
2025-03-13,229.3,229.5,224.23,225.19,220.67,16467900.0,231.346,255.5025,,227.9,-2.710000000000008,-0.011891180342255447,16054000.0,413900.0,0.025781736638843977,18010160.0,11535610.0,56.126637429663454,234.0,-4.699999999999989,-0.020085470085470014,234.32,-4.819999999999993,-0.02057016046432225,227.26,-3.030000000000001,-0.013332746633811454
2025-03-14,228.12,233.14,227.58,232.44,227.77,11962100.0,229.37800000000001,253.3085,,225.19,7.25,0.03219503530352141,16467900.0,-4505800.0,-0.27361108580936244,16302840.0,11713780.0,39.17659372124114,229.3,-1.1800000000000068,-0.005146096816397772,229.5,3.6399999999999864,0.015860566448801627,224.23,3.3500000000000227,0.01494001694688496
2025-03-17,231.18,235.67,230.46,233.93,229.23,9586000.0,229.71999999999997,251.17549999999997,,232.44,1.490000000000009,0.0064102564102563875,11962100.0,-2376100.0,-0.19863569105759027,14442600.0,11908650.0,21.27823052990893,228.12,3.0600000000000023,0.013413992635455063,233.14,2.530000000000001,0.010851848674616082,227.58,2.8799999999999955,0.012654890587925127
2025-03-18,234.32,236.17,233.52,234.97,230.25,10344900.0,230.88600000000002,248.92649999999998,,233.93,1.039999999999992,0.004445774376950373,9586000.0,758900.0,0.0791675359899855,12882980.0,12029905.0,7.0912862570402675,231.18,3.1399999999999864,0.013582489834760736,235.67,0.5,0.0021216107268637874,230.46,3.0600000000000023,0.013277792241603859
2025-03-19,235.74,242.33,234.89,239.11,234.31,10120600.0,233.12800000000001,246.91949999999997,,234.97,4.140000000000015,0.01761927054517609,10344900.0,-224300.0,-0.021682181558062452,11696300.0,12185575.0,-4.015198297987579,234.32,1.420000000000016,0.006060088767497529,236.17,6.160000000000025,0.026082906380996862,233.52,1.3699999999999761,0.005866735183281735
2025-03-20,236.56,241.76,236.2,239.01,234.21,8328500.0,235.892,245.53000000000003,,239.11,-0.10000000000002274,-0.0004182175567731816,10120600.0,-1792100.0,-0.17707448175009388,10068420.0,11909665.0,-15.460090607082567,235.74,0.8199999999999932,0.003478408416051515,242.33,-0.5700000000000216,-0.0023521644039120604,234.89,1.3100000000000023,0.005577078632551524
2025-03-21,237.81,242.3,236.5,241.63,236.78,19326900.0,237.73000000000002,244.3995,,239.01,2.6200000000000045,0.010961884439981695,8328500.0,10998400.0,1.320573932881071,11541380.0,12234230.0,-5.663208881964783,236.56,1.25,0.005284071694284798,241.76,0.5400000000000205,0.0022336201191264227,236.2,0.30000000000001137,0.0012701100762066986
2025-03-24,245.48,248.69,244.41,248.06,243.08,9422700.0,240.55599999999998,243.73549999999994,,241.63,6.430000000000007,0.026610934072755832,19326900.0,-9904200.0,-0.5124567312916195,11508720.0,12186725.0,-5.56347172845863,237.81,7.6699999999999875,0.03225263866111594,242.3,6.389999999999986,0.02637226578621532,236.5,7.909999999999997,0.03344608879492594
2025-03-25,249.31,251.82,247.62,251.13,246.08,9287700.0,243.788,243.42199999999997,,248.06,3.069999999999993,0.012376038055309069,9422700.0,-135000.0,-0.014327103696392784,11297280.0,12170690.0,-7.176339221523184,245.48,3.8300000000000125,0.015602085709630176,248.69,3.1299999999999955,0.012585950379991218,244.41,3.210000000000008,0.013133668835153989
2025-03-26,252.6,254.67,249.78,251.03,245.99,12779300.0,246.17200000000003,243.03400000000002,,251.13,-0.09999999999999432,-0.0003982001353880493,9287700.0,3491600.0,0.37593806862840107,11829020.0,12512475.0,-5.4621887356418295,249.31,3.289999999999992,0.01319642212506511,251.82,2.8499999999999943,0.011317607815106046,247.62,2.1599999999999966,0.008723043372910189
2025-03-27,249.53,250.64,247.18,248.12,243.13,8022500.0,247.994,242.4875,,251.03,-2.9099999999999966,-0.011592239971318197,12779300.0,-4756800.0,-0.37222696078814954,11767820.0,12503380.0,-5.882889266742273,252.6,-3.069999999999993,-0.012153602533650054,254.67,-4.030000000000001,-0.01582440020418585,249.78,-2.5999999999999943,-0.010409160060853573
2025-03-28,246.94,249.51,241.11,242.85,237.97,11978400.0,248.238,241.39749999999998,,248.12,-5.27000000000001,-0.021239722714815445,8022500.0,3955900.0,0.49310065440947337,10298120.0,12578945.0,-18.132085003949058,249.53,-2.5900000000000034,-0.010379513485352487,250.64,-1.1299999999999955,-0.0045084583466326045,247.18,-6.069999999999993,-0.024557002993769728
2025-03-31,239.41,245.86,237.36,245.3,240.37,13603000.0,247.686,240.63150000000002,,242.85,2.450000000000017,0.010088532015647633,11978400.0,1624600.0,0.13562746276631277,11134180.0,12806180.0,-13.056196305221384,246.94,-7.530000000000001,-0.030493237223617076,249.51,-3.6499999999999773,-0.014628672197507075,241.11,-3.75,-0.015553067064825177
2025-04-01,242.62,245.69,240.88,243.66,238.76,8054700.0,246.192,240.302,,245.3,-1.6400000000000148,-0.006685690990623772,13603000.0,-5548300.0,-0.40787326325075346,10887580.0,12535635.0,-13.14696064459439,239.41,3.210000000000008,0.013407961238043553,245.86,-0.17000000000001592,-0.0006914504189377002,237.36,3.519999999999982,0.014829794405122998
2025-04-02,241.6,247.25,241.46,245.82,240.88,7758800.0,245.15,240.0165,,243.66,2.1599999999999966,0.008864811622752988,8054700.0,-295900.0,-0.036736315443157364,9883480.0,12530505.0,-21.124647410459517,242.62,-1.0200000000000102,-0.0042041051850630895,245.69,1.5600000000000023,0.006349464772680946,240.88,0.5800000000000125,0.0024078379275989104
2025-04-03,234.27,235.14,227.3,228.69,224.1,17188500.0,241.26399999999998,239.12399999999997,,245.82,-17.129999999999995,-0.06968513546497435,7758800.0,9429700.0,1.2153554673403102,11716680.0,12890770.0,-9.107989670128317,241.6,-7.329999999999984,-0.03033940397350987,247.25,-12.110000000000014,-0.048978766430738174,241.46,-14.159999999999997,-0.05864325354095912
2025-04-04,215.31,217.7,208.93,210.28,207.32,27170700.0,234.75,237.52399999999997,,228.69,-18.409999999999997,-0.08050198959289867,17188500.0,9982200.0,0.5807487564359892,14755140.0,13224370.0,11.575371832457805,234.27,-18.960000000000008,-0.08093225765142786,235.14,-17.439999999999998,-0.07416858042017516,227.3,-18.370000000000005,-0.08081830180378358
2025-04-07,205.77,222.05,202.16,214.44,211.43,22914400.0,228.57800000000003,236.635,,210.28,4.159999999999997,0.019783146281148856,27170700.0,-4256300.0,-0.156650362338843,16617420.0,13425730.0,23.77293450709943,215.31,-9.539999999999992,-0.04430820677163161,217.7,4.350000000000023,0.019981626090950888,208.93,-6.77000000000001,-0.032403197243095816
2025-04-08,223.52,227.84,213.25,216.87,213.82,19485700.0,223.21999999999997,236.0215,,214.44,2.430000000000007,0.01133184107442653,22914400.0,-3428700.0,-0.14963079984638483,18903620.0,13492865.0,40.100860714162636,205.77,17.75,0.08626135977061766,222.05,5.789999999999992,0.026075208286421958,202.16,11.090000000000003,0.054857538583300336
2025-04-09,212.5,237.48,211.0,234.34,231.05,24022400.0,220.92400000000004,236.3435,,216.87,17.47,0.08055517130077927,19485700.0,4536700.0,0.23282201819796056,22156340.0,13891285.0,59.498131382373906,223.52,-11.02000000000001,-0.04930207587687907,227.84,9.639999999999986,0.042310393258427004,213.25,-2.25,-0.010550996483001174
2025-04-10,230.0,230.35,220.1,227.11,223.92,18896400.0,220.608,236.4395,,234.34,-7.22999999999999,-0.03085260732269346,24022400.0,-5126000.0,-0.21338417477021443,22497920.0,14012710.0,60.55366877641798,212.5,17.5,0.08235294117647052,237.48,-7.1299999999999955,-0.030023580933131178,211.0,9.099999999999994,0.043127962085308
2025-04-11,226.31,238.58,225.0,236.2,232.88,20284500.0,225.792,236.62749999999997,,227.11,9.089999999999975,0.040024657654880835,18896400.0,1388100.0,0.07345843652759254,21120680.0,14428830.0,46.37832727948143,230.0,-3.6899999999999977,-0.016043478260869604,230.35,8.230000000000018,0.035728239635337555,220.1,4.900000000000006,0.0222626079054975
2025-04-14,237.1,239.78,233.63,234.72,231.42,13017800.0,229.848,236.667,249.78240000000002,236.2,-1.4799999999999898,-0.00626587637595255,20284500.0,-7266700.0,-0.35823904952056984,19141360.0,14600420.0,31.10143406833502,226.31,10.789999999999992,0.047677963854889205,238.58,1.1999999999999886,0.005029759409841406,225.0,8.629999999999995,0.038355555555555476
2025-04-15,236.1,238.65,232.82,233.13,229.85,10912900.0,233.1,236.575,249.1088,234.72,-1.5900000000000034,-0.006774028629856876,13017800.0,-2104900.0,-0.1616939882314984,17426800.0,14628820.0,19.126491405321826,237.1,-1.0,-0.004217629692113034,239.78,-1.1299999999999955,-0.004712653265493305,233.63,-0.8100000000000023,-0.0034670205025039147
2025-04-16,232.0,233.58,227.93,229.61,226.38,9322300.0,232.154,236.1,248.34220000000002,233.13,-3.519999999999982,-0.015098871874061559,10912900.0,-1590600.0,-0.14575410752412288,14486780.0,14588905.0,-0.7000182673065594,236.1,-4.099999999999994,-0.017365523083439194,238.65,-5.069999999999993,-0.021244500314267722,232.82,-4.889999999999986,-0.021003350227643658
2025-04-17,230.8,234.34,230.55,231.96,228.7,9557900.0,233.12400000000002,235.7475,247.5728,229.61,2.3499999999999943,0.010234745873437534,9322300.0,235600.0,0.02527273312379985,12619080.0,14650375.0,-13.86513997081986,232.0,-1.1999999999999886,-0.005172413793103403,233.58,0.7599999999999909,0.0032537032280159917,227.93,2.6200000000000045,0.011494757162286762
2025-04-21,230.63,231.81,226.34,228.99,225.77,8716200.0,231.68200000000002,235.11550000000003,246.6146,231.96,-2.969999999999999,-0.012803931712364158,9557900.0,-841700.0,-0.0880632774981952,10305420.0,14119840.0,-27.014612063592793,230.8,-0.17000000000001592,-0.0007365684575391107,234.34,-2.530000000000001,-0.010796278910984003,230.55,-4.210000000000008,-0.018260680980264565
2025-04-22,231.98,235.99,231.37,235.59,232.28,10701400.0,231.856,234.49199999999996,245.81040000000002,228.99,6.599999999999994,0.02882221931088691,8716200.0,1985200.0,0.22775980358413062,9842140.0,14183775.0,-30.609869375395476,230.63,1.3499999999999943,0.005853531630750419,231.81,4.180000000000007,0.01803200897286583,226.34,5.030000000000001,0.02222320402933642
2025-04-23,240.22,246.79,240.0,240.88,237.49,14126800.0,233.40600000000003,233.9795,245.2072,235.59,5.289999999999992,0.022454263763317606,10701400.0,3425400.0,0.3200889603229484,10484920.0,14425730.0,-27.317924292219526,231.98,8.240000000000009,0.035520303474437576,235.99,10.799999999999983,0.045764651044535753,231.37,8.629999999999995,0.03729956346976704
2025-04-24,239.74,245.47,237.58,244.64,241.2,9055200.0,236.41199999999998,233.66,244.6002,240.88,3.759999999999991,0.015609432082364538,14126800.0,-5071600.0,-0.3590055780502308,10431500.0,14239525.0,-26.74264064285852,240.22,-0.47999999999998977,-0.0019981683456831156,246.79,-1.3199999999999932,-0.005348677012844916,240.0,-2.4199999999999875,-0.010083333333333333
2025-04-25,244.65,245.62,241.75,243.55,240.13,8588600.0,238.73000000000002,233.4315,243.96219999999997,244.64,-1.089999999999975,-0.004455526487900485,9055200.0,-466600.0,-0.05152840356921995,10237640.0,14267830.0,-28.24669203375706,239.74,4.909999999999997,0.020480520563944227,245.47,0.15000000000000568,0.0006110726361674423,237.58,4.1699999999999875,0.017551982490108475
2025-04-28,244.56,246.84,240.84,243.22,239.8,7394300.0,241.57600000000002,233.45,243.30020000000002,243.55,-0.3300000000000125,-0.0013549579141860502,8588600.0,-1194300.0,-0.1390564236313252,9973260.0,14038625.0,-28.958427196395657,244.65,-0.09000000000000341,-0.00036787247087677333,245.62,1.2199999999999989,0.004967022229460216,241.75,-0.9099999999999966,-0.0037642192347466796
2025-04-29,242.19,245.25,241.69,244.62,241.18,7216800.0,243.382,233.41600000000003,242.6608,243.22,1.4000000000000057,0.005756105583422544,7394300.0,-177500.0,-0.024004976806459077,9276340.0,13719315.0,-32.384816588874884,244.56,-2.3700000000000045,-0.009690873405299283,246.84,-1.5900000000000034,-0.006441419543023796,240.84,0.8499999999999943,0.0035293140674306223
2025-04-30,241.21,245.22,238.43,244.62,241.18,12991700.0,244.13000000000002,233.46400000000003,241.95420000000001,244.62,0.0,0.0,7216800.0,5774900.0,0.8002023057310719,9049320.0,13966165.0,-35.205405349285215,242.19,-0.9799999999999898,-0.004046409843511234,245.25,-0.030000000000001137,-0.00012232415902135862,241.69,-3.259999999999991,-0.013488352848690432
2025-05-01,242.84,248.45,242.17,246.89,243.42,8689600.0,244.58,233.51749999999998,241.30700000000002,244.62,2.269999999999982,0.009279699125173568,12991700.0,-4302100.0,-0.3311421907833463,8976200.0,14012705.0,-35.94241796997796,241.21,1.6299999999999955,0.006757597114547487,245.22,3.2299999999999898,0.013171845689584849,238.43,3.7399999999999807,0.015685945560541814
2025-05-02,251.26,253.62,249.46,252.51,248.96,7165000.0,246.372,234.70850000000002,241.0212,246.89,5.6200000000000045,0.02276317388310578,8689600.0,-1524600.0,-0.17545111397532687,8691480.0,13511530.0,-35.67360617191391,242.84,8.419999999999987,0.03467303574369951,248.45,5.170000000000016,0.020809015898571204,242.17,7.2900000000000205,0.030102820332824187
2025-05-05,251.18,255.16,250.59,252.56,249.01,5450700.0,248.24,236.82250000000005,240.7876,252.51,0.05000000000001137,0.0001980119599225283,7165000.0,-1714300.0,-0.2392602930914166,8302760.0,12425530.0,-33.179832168124825,251.26,-0.07999999999998408,-0.0003183952877496843,253.62,1.539999999999992,0.0060720763346739925,249.46,1.1299999999999955,0.004529784334161846
2025-05-06,250.0,252.65,249.0,249.25,245.75,6369900.0,249.166,238.56300000000002,240.54579999999999,252.56,-3.3100000000000023,-0.013105796642381984,5450700.0,919200.0,0.1686388904177445,8133380.0,11598305.0,-29.874408372602723,251.18,-1.1800000000000068,-0.004697826260052551,255.16,-2.509999999999991,-0.009836965041542522,250.59,-1.5900000000000034,-0.006345025739255328
2025-05-07,249.85,252.45,248.83,249.39,245.88,8724100.0,250.11999999999998,240.189,240.3856,249.25,0.13999999999998636,0.0005616850551655173,6369900.0,2354200.0,0.3695819400618534,7279860.0,11060225.0,-34.17982003078599,250.0,-0.15000000000000568,-0.0006000000000000449,252.65,-0.20000000000001705,-0.0007916089451811548,249.0,-0.1699999999999875,-0.0006827309236947521
2025-05-08,251.57,255.88,251.55,253.47,249.91,8320100.0,251.436,241.1455,240.27920000000003,249.39,4.0800000000000125,0.01635991820040905,8724100.0,-404000.0,-0.04630850173656886,7205960.0,10275110.0,-29.869753219186947,249.85,1.7199999999999989,0.006884130478286954,252.45,3.430000000000007,0.013586848880966507,248.83,2.719999999999999,0.010931157818591108
2025-05-09,254.5,255.51,252.34,253.08,249.52,5087600.0,251.55,242.44400000000002,240.1598,253.47,-0.38999999999998636,-0.0015386436264646086,8320100.0,-3232500.0,-0.3885169649403253,6790480.0,9584670.0,-29.152699049628204,251.57,2.930000000000007,0.011646857733434102,255.88,-0.37000000000000455,-0.0014459903079568903,251.55,0.789999999999992,0.003140528721923941
2025-05-12,262.9,263.6,258.7,260.05,256.39,9603900.0,253.048,243.6365,240.06779999999998,253.08,6.969999999999999,0.027540698593330193,5087600.0,4516300.0,0.8877073669313624,7621120.0,9050640.0,-15.794684132834805,254.5,8.399999999999977,0.033005893909626716,255.51,8.090000000000032,0.03166216586434989,252.34,6.359999999999985,0.025204089720218592
2025-05-13,261.03,263.67,260.39,263.01,259.31,8589000.0,255.8,245.05100000000002,240.11559999999997,260.05,2.9599999999999795,0.0113824264564506,9603900.0,-1014900.0,-0.1056758191984506,8064940.0,8829200.0,-8.65605037829022,262.9,-1.8700000000000045,-0.0071129707112971285,263.6,0.06999999999999318,0.0002655538694991133,258.7,1.6899999999999977,0.006532663316582976
2025-05-14,263.0,266.64,262.29,265.64,261.91,8643100.0,259.05,246.67649999999998,240.42340000000002,263.01,2.6299999999999955,0.009999619786319913,8589000.0,54100.0,0.006298754220514624,8048740.0,8715710.0,-7.652503353140479,261.03,1.9700000000000273,0.007547025246140482,263.67,2.9699999999999704,0.01126408010012514,260.39,1.900000000000034,0.007296747186912089
2025-05-15,266.97,269.52,264.76,267.49,263.73,9214600.0,261.854,248.57049999999998,240.7426,265.64,1.8500000000000227,0.0069643126035237035,8643100.0,571500.0,0.06612210896553328,8227640.0,8710325.0,-5.541526866104308,263.0,3.9700000000000273,0.015095057034220538,266.64,2.8799999999999955,0.01080108010801073,262.29,2.4699999999999704,0.009417057455488154
2025-05-16,267.5,268.46,264.71,267.56,263.8,8932900.0,264.75,250.3505,241.16299999999998,267.49,0.06999999999999318,0.0002616920258700084,9214600.0,-281700.0,-0.030571050289757595,8996700.0,8679075.0,3.659664192324643,266.97,0.5299999999999727,0.0019852417874666184,269.52,-1.0600000000000023,-0.003932917779756573,264.76,-0.05000000000001137,-0.00018885027949844257
2025-05-19,265.55,268.32,261.93,264.88,261.16,12145000.0,265.716,252.14499999999998,241.615,267.56,-2.680000000000007,-0.010016444909553002,8932900.0,3212100.0,0.3595808751917071,9504920.0,8850515.0,7.39397650871164,267.5,-1.9499999999999886,-0.007289719626168201,268.46,-0.13999999999998636,-0.000521492959844938,264.71,-2.7799999999999727,-0.010502058856862173
2025-05-20,262.52,266.66,262.3,265.68,261.95,8436300.0,266.25,253.64950000000005,242.28419999999997,264.88,0.8000000000000114,0.0030202355783750523,12145000.0,-3708700.0,-0.3053684643886373,9474380.0,8737260.0,8.436512133094357,265.55,-3.0300000000000296,-0.01141028054980242,268.32,-1.6599999999999682,-0.006186642814549725,261.93,0.37000000000000455,0.0014125911503073407
2025-05-21,264.35,265.65,260.73,261.04,257.37,7464000.0,265.33000000000004,254.65750000000003,242.9222,265.68,-4.639999999999986,-0.017464619090635347,8436300.0,-972300.0,-0.11525194694356533,9238560.0,8404120.0,9.928939615331528,262.52,1.830000000000041,0.006970897455432112,266.66,-1.0100000000000477,-0.003787594689867446,262.3,-1.5699999999999932,-0.005985512771635504
2025-05-22,259.44,262.3,258.87,260.67,257.01,6514100.0,263.966,255.459,243.57760000000002,261.04,-0.37000000000000455,-0.0014174072939013849,7464000.0,-949900.0,-0.12726420150053586,8698460.0,8277065.0,5.091116235042252,264.35,-4.910000000000025,-0.01857386041233222,265.65,-3.349999999999966,-0.012610577827969038,260.73,-1.8600000000000136,-0.007133816591876729
2025-05-23,256.81,261.99,256.0,260.71,257.05,6671800.0,262.596,256.317,244.28799999999998,260.67,0.03999999999996362,0.00015345072313643904,6514100.0,157700.0,0.024209023502862914,8246240.0,8181225.0,0.7946853924687318,259.44,-2.6299999999999955,-0.01013721862473016,262.3,-0.3100000000000023,-0.0011818528402592898,258.87,-2.8700000000000045,-0.011086645806775652
2025-05-27,262.04,265.3,261.99,265.29,261.56,7506600.0,262.678,257.42050000000006,244.945,260.71,4.580000000000041,0.017567412067047927,6671800.0,834800.0,0.125123654785815,7318560.0,8186840.0,-10.605801505831309,256.81,5.230000000000018,0.020365250574354565,261.99,3.3100000000000023,0.012634070002671915,256.0,5.990000000000009,0.023398437500000036
2025-05-28,266.24,266.72,262.9,263.49,259.79,5535400.0,262.24,258.364,245.53619999999998,265.29,-1.8000000000000114,-0.0067850277055298,7506600.0,-1971200.0,-0.26259558255401916,6738380.0,8102770.0,-16.838562615006968,262.04,4.199999999999989,0.016028087314913675,265.3,1.420000000000016,0.005352431209951103,261.99,0.9099999999999682,0.0034734150158401977
2025-05-29,264.8,265.41,262.53,264.37,260.65,5081200.0,262.90600000000006,259.3515,246.12419999999997,263.49,0.8799999999999955,0.0033397851910887955,5535400.0,-454200.0,-0.08205369079018676,6261820.0,7707245.0,-18.75410733666829,266.24,-1.4399999999999977,-0.005408653846153855,266.72,-1.3100000000000023,-0.004911517696460699,262.9,-0.37000000000000455,-0.0014073792316470213
2025-05-30,263.45,265.33,262.73,264.0,260.29,10977700.0,263.572,260.207,246.62199999999996,264.37,-0.37000000000000455,-0.0013995536558610855,5081200.0,5896500.0,1.1604542234117923,7154540.0,7821650.0,-8.52901881316602,264.8,-1.3500000000000227,-0.005098187311178282,265.41,-0.08000000000004093,-0.00030142044384173783,262.53,0.20000000000004547,0.0007618176970252133
2025-06-02,263.02,265.03,261.9,264.66,260.94,6011200.0,264.36199999999997,260.8145,247.135,264.0,0.660000000000025,0.0025000000000001688,10977700.0,-4966500.0,-0.4524171729961649,7022420.0,7763960.0,-9.551053843657103,263.45,-0.4300000000000068,-0.001632188271019186,265.33,-0.30000000000001137,-0.0011306674706969,262.73,-0.8300000000000409,-0.003159136756366032
2025-06-03,263.73,266.58,262.88,266.27,262.53,6998400.0,264.558,261.5,247.62779999999998,264.66,1.6099999999999568,0.006083276656842607,6011200.0,987200.0,0.16422677668352414,6920780.0,7841345.0,-11.739886460804874,263.02,0.7100000000000364,0.002699414493194663,265.03,1.5500000000000114,0.005848394521374978,261.9,0.9800000000000182,0.003741886216113155
2025-06-04,265.92,267.12,264.18,264.22,260.51,5915700.0,264.704,262.2485,247.95100000000002,266.27,-2.0499999999999545,-0.0076989521913845005,6998400.0,-1082700.0,-0.15470679012345678,6996840.0,7818635.0,-10.510722140117808,263.73,2.1899999999999977,0.008303947218746499,266.58,0.5400000000000205,0.002025658338960179,262.88,1.3000000000000114,0.004945222154595363
2025-06-05,264.74,264.74,260.31,261.95,258.27,8173800.0,264.22,262.8765,248.1674,264.22,-2.2700000000000387,-0.00859132541064278,5915700.0,2258100.0,0.3817130686140271,7615360.0,7791120.0,-2.2559015905287043,265.92,-1.1800000000000068,-0.004437424789410338,267.12,-2.3799999999999955,-0.008909853249475908,264.18,-3.8700000000000045,-0.014649102884397025
2025-06-06,264.33,266.65,264.26,265.73,261.99,7738100.0,264.566,263.4895,248.46140000000003,261.95,3.7800000000000296,0.014430234777629503,8173800.0,-435700.0,-0.05330446059360394,6967440.0,7762020.0,-10.236768263931296,264.74,-0.410000000000025,-0.0015486892800484764,264.74,1.9099999999999682,0.007214625670469044,260.31,3.9499999999999886,0.015174215358610743
2025-06-09,266.0,267.9,263.35,266.74,262.99,8285000.0,264.982,264.1725,248.8338,265.73,1.009999999999991,0.0038008504873368043,7738100.0,546900.0,0.07067626419922202,7422200.0,7921890.0,-6.307711922281173,264.33,1.670000000000016,0.0063178602504445625,266.65,1.25,0.004687792987061679,264.26,-0.9099999999999682,-0.0034435782941041326
2025-06-10,265.88,268.9,265.85,268.6,264.82,7538100.0,265.44800000000004,264.6,249.34879999999998,266.74,1.8600000000000136,0.006973082402339514,8285000.0,-746900.0,-0.09015087507543751,7530140.0,7818600.0,-3.6894073107717493,266.0,-0.12000000000000455,-0.00045112781954892434,267.9,1.0,0.0037327360955581312,263.35,2.5,0.009493070058857134
2025-06-11,268.68,269.62,265.79,268.15,264.38,7434100.0,266.23400000000004,264.85699999999997,249.8058,268.6,-0.4500000000000455,-0.0016753536857783136,7538100.0,-104000.0,-0.013796580040063122,7833820.0,7760855.0,0.9401670305655755,265.88,2.8000000000000114,0.010531066646607634,268.9,0.7200000000000273,0.0026775753068055685,265.85,-0.060000000000002274,-0.00022569117923643134
2025-06-12,266.86,268.29,265.14,268.24,264.47,6618000.0,267.492,264.987,250.2974,268.15,0.09000000000003183,0.0003356330412083164,7434100.0,-816100.0,-0.10977791528228031,7522660.0,7659600.0,-1.7878218183717165,268.68,-1.8199999999999932,-0.006773857376805137,269.62,-1.329999999999984,-0.004932868481566599,265.79,-0.6500000000000341,-0.0024455397118027244
2025-06-13,265.08,267.02,262.71,264.95,261.23,7098300.0,267.336,264.86,250.68,268.24,-3.2900000000000205,-0.01226513569937382,6618000.0,480300.0,0.07257479601087935,7394700.0,7553785.0,-2.1060302881270783,266.86,-1.7800000000000296,-0.006670164131005185,268.29,-1.2700000000000387,-0.004733683700473557,265.14,-2.430000000000007,-0.009164969450101812
2025-06-16,267.0,271.73,266.85,270.36,266.56,8566000.0,268.06,265.0,251.5134,264.95,5.410000000000025,0.020418946971126672,7098300.0,1467700.0,0.20676781764647867,7450900.0,7535440.0,-1.1218986548894292,265.08,1.920000000000016,0.007243096423721118,267.02,4.710000000000036,0.017639128155194417,262.71,4.140000000000043,0.01575882151421726
2025-06-17,268.17,270.59,267.8,269.52,265.73,6739300.0,268.24399999999997,265.232,252.69819999999999,270.36,-0.8400000000000318,-0.0031069684864626357,8566000.0,-1826700.0,-0.2132500583703012,7291140.0,7265155.0,0.35766614752197307,267.0,1.170000000000016,0.0043820224719102185,271.73,-1.1400000000000432,-0.004195340963456529,266.85,0.9499999999999886,0.003560052463930985
2025-06-18,270.0,277.72,269.72,273.96,270.11,9586400.0,269.406,265.646,253.8886,269.52,4.439999999999998,0.016473731077470966,6739300.0,2847100.0,0.42246227352989174,7721600.0,7322660.0,5.448020254934683,268.17,1.829999999999984,0.006824029533504916,270.59,7.130000000000052,0.026349828153294785,267.8,1.920000000000016,0.00716952949962657
2025-06-20,275.57,277.3,273.81,275.0,271.13,13969700.0,270.758,266.344,255.0512,273.96,1.0400000000000205,0.0037961746240327,9586400.0,4383300.0,0.4572415088041393,9191940.0,7647945.0,20.188364325318762,270.0,5.569999999999993,0.020629629629629553,277.72,-0.4200000000000159,-0.0015123145614288624,269.72,4.089999999999975,0.015163873646744763
2025-06-23,275.06,278.55,272.11,278.27,274.36,8094600.0,273.42199999999997,267.224,255.9298,275.0,3.269999999999982,0.011890909090908952,13969700.0,-5875100.0,-0.4205602124598238,9391200.0,7726970.0,21.53793789803765,275.57,-0.5099999999999909,-0.0018507094386180922,277.3,1.25,0.004507753335737386,273.81,-1.6999999999999886,-0.006208684854461133
2025-06-24,280.21,282.71,279.51,281.26,277.31,9267900.0,275.602,268.25149999999996,257.01279999999997,278.27,2.990000000000009,0.01074495993100233,8094600.0,1173300.0,0.1449484841746349,9531580.0,7856775.0,21.31669800904315,275.06,5.149999999999977,0.01872318766814507,278.55,4.159999999999968,0.014934482139651761,272.11,7.399999999999977,0.027194884421741117
2025-06-25,281.5,284.28,280.91,284.06,280.07,6826900.0,278.51,269.18999999999994,257.97,281.26,2.8000000000000114,0.009955201592832363,9267900.0,-2441000.0,-0.26338221172002285,9549100.0,7822790.0,22.067702188094017,280.21,1.2900000000000205,0.00460369008957584,282.71,1.5699999999999932,0.005553393937250073,279.51,1.400000000000034,0.0050087653393440235
2025-06-26,284.7,289.41,284.47,288.75,284.69,8942100.0,281.46799999999996,270.453,259.0506,284.06,4.689999999999998,0.0165105963528831,6826900.0,2115200.0,0.3098331599994142,9420240.0,7993125.0,17.85428102275393,281.5,3.1999999999999886,0.011367673179396132,284.28,5.130000000000052,0.01804558885605756,280.91,3.5600000000000023,0.012673098145313366
2025-06-27,285.81,288.7,285.04,287.11,283.07,17868600.0,283.89,271.59000000000003,260.1302,288.75,-1.6399999999999864,-0.005679653679653618,8942100.0,8926500.0,0.9982554433522326,10200020.0,8632495.0,18.158423491701996,284.7,1.1100000000000136,0.003898840885142363,289.41,-0.7100000000000364,-0.0024532669914655303,284.47,0.5699999999999932,0.002003726227721714
2025-06-30,290.4,292.65,288.92,289.91,285.83,12689200.0,286.218,272.8855,261.33619999999996,287.11,2.8000000000000114,0.009752359722754456,17868600.0,-5179400.0,-0.28986042555096647,11118940.0,8718070.0,27.53900806027022,285.81,4.589999999999975,0.016059620027290666,288.7,3.9499999999999886,0.013682022861101428,285.04,3.8799999999999955,0.013612124614089227
2025-07-01,290.89,291.13,286.59,290.41,286.33,9338300.0,288.048,274.173,262.5052,289.91,0.5,0.0017246731744333665,12689200.0,-3350900.0,-0.2640749613844845,11133020.0,8884425.0,25.309403816228965,290.4,0.4900000000000091,0.0016873278236915201,292.65,-1.5199999999999818,-0.0051939176490688466,288.92,-2.330000000000041,-0.008064516129032362
2025-07-02,292.04,292.82,289.7,292.0,287.9,8158700.0,289.636,275.4595,263.7654,290.41,1.589999999999975,0.005475018077889748,9338300.0,-1179600.0,-0.1263184948009809,11399380.0,8942440.0,27.47505155192543,290.89,1.150000000000034,0.003953384440854135,291.13,1.6899999999999977,0.00580496685329579,286.59,3.1100000000000136,0.010851739418681783
2025-07-03,292.15,296.4,291.21,296.0,293.25,6541600.0,291.086,277.0485,264.97360000000003,292.0,4.0,0.013698630136986356,8158700.0,-1617100.0,-0.19820559647983138,10919280.0,8973735.0,21.68043740984105,292.04,0.1099999999999568,0.00037666073140640854,292.82,3.579999999999984,0.012225940851034789,289.7,1.509999999999991,0.005212288574387269
2025-07-07,295.25,296.04,290.08,291.97,289.25,8825700.0,292.058,278.54949999999997,265.99539999999996,296.0,-4.029999999999973,-0.01361486486486474,6541600.0,2284100.0,0.34916534181240055,9110700.0,9006330.0,1.1588516077025826,292.15,3.1000000000000227,0.01061098750641798,296.4,-0.3599999999999568,-0.0012145748987852922,291.21,-1.1299999999999955,-0.003880361251330622
2025-07-08,289.27,289.7,280.31,282.78,280.15,15440900.0,290.632,279.402,266.7582,291.97,-9.190000000000055,-0.031475836558550685,8825700.0,6615200.0,0.7495382802497252,9661040.0,9391470.0,2.8703706661470463,295.25,-5.980000000000018,-0.020254022015241402,296.04,-6.340000000000032,-0.02141602486150529,290.08,-9.769999999999982,-0.03368036403750685
2025-07-09,287.18,287.2,282.48,283.16,280.52,11273800.0,289.182,280.223,267.5504,282.78,0.3800000000000523,0.001343800834571196,15440900.0,-4167100.0,-0.2698741653660085,10048140.0,9540910.0,5.316369193294979,289.27,-2.089999999999975,-0.007225083831714274,289.7,-2.5,-0.008629616845012067,280.31,2.170000000000016,0.007741429132032351
2025-07-10,283.0,288.31,283.0,288.19,285.51,8410900.0,288.42,281.2025,268.4498,283.16,5.029999999999973,0.01776380844752068,11273800.0,-2862900.0,-0.2539427699622133,10098580.0,9584550.0,5.363110422502882,287.18,-4.180000000000007,-0.01455533115119445,287.2,1.1100000000000136,0.0038649025069639187,282.48,0.5199999999999818,0.001840838289436375
2025-07-11,285.52,287.38,283.65,286.86,284.19,7384700.0,286.592,282.13800000000003,269.2946,288.19,-1.329999999999984,-0.004615010930289043,8410900.0,-1026200.0,-0.122008346312523,10267200.0,9582080.0,7.150013358268768,283.0,2.519999999999982,0.008904593639575964,288.31,-0.9300000000000068,-0.00322569456487809,283.0,0.6499999999999773,0.0022968197879857932
2025-07-14,287.07,289.3,285.26,288.7,286.01,9079900.0,285.938,283.16099999999994,270.1762,286.86,1.839999999999975,0.006414278742243429,7384700.0,1695200.0,0.22955570300756967,10318040.0,9705175.0,6.314826883595607,285.52,1.5500000000000114,0.005428691510227068,287.38,1.920000000000016,0.006681049481522816,283.65,1.6100000000000136,0.005676009166226015
2025-07-15,288.0,291.95,285.48,286.55,283.88,12526100.0,286.692,284.241,270.9694,288.7,-2.1499999999999773,-0.00744717700034625,9079900.0,3446200.0,0.3795416249077632,9735080.0,9976565.0,-2.4205224944657804,287.07,0.9300000000000068,0.0032396279653046367,289.3,2.6499999999999773,0.009160041479433056,285.26,0.22000000000002728,0.0007712262497372446
2025-07-16,288.4,290.73,283.01,285.82,283.16,9979800.0,287.224,285.014,271.6356,286.55,-0.7300000000000182,-0.002547548420869017,12526100.0,-2546300.0,-0.20327955229480843,9476280.0,10047255.0,-5.682895477421445,288.0,0.39999999999997726,0.001388888888888884,291.95,-1.2199999999999704,-0.004178797739338824,285.48,-2.4700000000000273,-0.00865209471766859
2025-07-17,283.44,290.3,283.44,289.9,287.2,8509500.0,287.566,286.033,272.3824,285.82,4.079999999999984,0.014274718354208904,9979800.0,-1470300.0,-0.14732760175554616,9496000.0,10135765.0,-6.311955732991047,288.4,-4.9599999999999795,-0.017198335644937557,290.73,-0.4300000000000068,-0.0014790355312489512,283.01,0.4300000000000068,0.001519380940602888
2025-07-18,289.52,292.5,288.23,291.27,288.56,12217000.0,288.448,286.89849999999996,273.2228,289.9,1.3700000000000045,0.004725767506036593,8509500.0,3707500.0,0.43568952347376455,10462460.0,10267295.0,1.9008414582419224,283.44,6.079999999999984,0.02145074795371138,290.3,2.1999999999999886,0.00757836720633831,283.44,4.7900000000000205,0.016899520180637895
2025-07-21,291.0,294.18,290.58,290.97,288.26,7898100.0,288.902,287.697,274.0544,291.27,-0.2999999999999545,-0.0010299721907507386,12217000.0,-4318900.0,-0.35351559302611113,10226100.0,9963715.0,2.633405311171586,289.52,1.4800000000000182,0.005111909367228495,292.5,1.6800000000000068,0.005743589743589794,288.23,2.349999999999966,0.008153210977344338
2025-07-22,291.5,293.63,289.18,291.43,288.72,6717500.0,289.87800000000004,288.355,274.8136,290.97,0.45999999999997954,0.0015809189950852787,7898100.0,-1180600.0,-0.14947898861751563,9064380.0,9894860.0,-8.39304446955288,291.0,0.5,0.0017182130584192379,294.18,-0.5500000000000114,-0.001869603644027551,290.58,-1.3999999999999773,-0.004817950306283958
2025-07-23,292.84,296.99,292.55,296.76,294.0,7083500.0,292.06600000000003,289.13,275.6872,291.43,5.329999999999984,0.018289126033695924,6717500.0,366000.0,0.05448455526609597,8485120.0,9785640.0,-13.29008628970614,291.5,1.339999999999975,0.004596912521440677,293.63,3.3600000000000136,0.011442972448319377,289.18,3.3700000000000045,0.011653641330659159
2025-07-24,297.42,299.59,296.2,296.55,293.79,7001200.0,293.396,289.7545,276.41720000000004,296.76,-0.20999999999997954,-0.0007076425394256791,7083500.0,-82300.0,-0.011618550151761164,8183460.0,9794355.0,-16.44717799181263,292.84,4.580000000000041,0.015639939898921096,296.99,2.599999999999966,0.008754503518636936,292.55,3.6499999999999773,0.012476499743633518
2025-07-25,296.7,298.9,295.96,298.62,295.84,5918500.0,294.866,290.24800000000005,277.12940000000003,296.55,2.069999999999993,0.006980273141122817,7001200.0,-1082700.0,-0.15464491801405478,6923760.0,9643175.0,-28.20041117163175,297.42,-0.7200000000000273,-0.0024208190437765564,299.59,-0.6899999999999977,-0.0023031476351013103,296.2,-0.2400000000000091,-0.0008102633355840938
2025-07-28,297.66,299.43,296.82,298.28,295.5,5840400.0,296.328,290.8065,277.7822,298.62,-0.34000000000003183,-0.0011385707588240646,5918500.0,-78100.0,-0.013195911126129944,6512220.0,9041765.0,-27.976230304592082,296.7,0.9600000000000364,0.0032355915065724883,298.9,0.5300000000000296,0.001773168283706994,295.96,0.8600000000000136,0.0029057980808218087
2025-07-29,300.0,301.29,296.2,297.04,294.28,7635700.0,297.45,291.163,278.3732,298.28,-1.2399999999999523,-0.0041571677618343905,5840400.0,1795300.0,0.30739332922402585,6695860.0,8789090.0,-23.816231259436414,297.66,2.339999999999975,0.007861318282604168,299.43,1.8600000000000136,0.006211802424606727,296.82,-0.6200000000000045,-0.0020888080318037794
2025-07-30,297.42,300.61,297.38,299.63,296.84,8061700.0,298.024,291.624,279.0146,297.04,2.589999999999975,0.00871936439536758,7635700.0,426000.0,0.05579056275128669,6891500.0,8725260.0,-21.01668030522873,300.0,-2.579999999999984,-0.008599999999999941,301.29,-0.6800000000000068,-0.0022569617312224732,296.2,1.1800000000000068,0.003983794733288359
2025-07-31,299.14,300.98,295.5,296.24,293.48,14749700.0,297.962,291.836,279.6418,299.63,-3.3899999999999864,-0.011313953876447624,8061700.0,6688000.0,0.8296016969125619,8441200.0,9054810.0,-6.77661927748898,297.42,1.7199999999999704,0.0057830677156882615,300.61,0.37000000000000455,0.0012308306443564732,297.38,-1.8799999999999955,-0.006321877732194503
2025-08-01,290.4,291.8,284.24,289.37,286.68,12007100.0,296.112,291.5045,280.11560000000003,296.24,-6.8700000000000045,-0.02319065622468275,14749700.0,-2742600.0,-0.185942764937592,9658920.0,9328085.0,3.5466550744338203,299.14,-8.740000000000009,-0.02921708898843356,300.98,-9.180000000000007,-0.030500365472788893,295.5,-11.259999999999991,-0.03810490693739421
2025-08-04,290.26,294.32,290.26,294.26,291.52,6649500.0,295.30800000000005,291.619,280.78,289.37,4.889999999999986,0.016898780108511646,12007100.0,-5357600.0,-0.4462026634241407,9820740.0,9219275.0,6.523994565733206,290.4,-0.13999999999998636,-0.00048209366391183117,291.8,2.519999999999982,0.008636052090472912,284.24,6.019999999999982,0.021179285111173618
2025-08-05,294.69,295.79,287.24,291.37,288.66,7182300.0,294.174,292.0485,281.394,294.26,-2.8899999999999864,-0.009821246516685922,6649500.0,532800.0,0.08012632528761565,9730060.0,8806345.0,10.48919841318958,290.26,4.430000000000007,0.01526217873630542,294.32,1.4700000000000273,0.004994563740146951,290.26,-3.019999999999982,-0.010404464962447402
2025-08-06,292.3,293.29,290.16,291.35,288.64,6330200.0,292.51800000000003,292.458,282.0068,291.37,-0.01999999999998181,-6.864124652494752e-05,7182300.0,-852100.0,-0.11863887612603208,9383760.0,8559165.0,9.63405892981383,294.69,-2.3899999999999864,-0.008110217516712481,295.79,-2.5,-0.008451942256330502,287.24,2.920000000000016,0.010165715081465132
2025-08-07,292.94,293.46,286.41,286.94,284.27,8057100.0,290.658,292.39549999999997,282.4398,291.35,-4.410000000000025,-0.015136433842457664,6330200.0,1726900.0,0.27280338693880135,8045240.0,8541475.0,-5.809710852048387,292.3,0.6399999999999864,0.0021895313034552277,293.29,0.16999999999995907,0.000579631081864207,290.16,-3.75,-0.012923904052936308
2025-08-08,288.98,291.23,284.71,288.76,286.07,6634100.0,290.53599999999994,292.4905,282.9452,286.94,1.8199999999999932,0.0063427894333309975,8057100.0,-1423000.0,-0.17661441461568061,6970640.0,8503945.0,-18.030514073174274,292.94,-3.9599999999999795,-0.013518126578821565,293.46,-2.2299999999999613,-0.007598991344646477,286.41,-1.7000000000000455,-0.005935546943193537
2025-08-11,289.4,291.32,288.78,289.56,286.87,5510100.0,289.596,292.5335,283.44899999999996,288.76,0.8000000000000114,0.0027704668236598895,6634100.0,-1124000.0,-0.16942765409023075,6742760.0,8325455.0,-19.010312349295024,288.98,0.4199999999999591,0.0014533877777007653,291.23,0.08999999999997499,0.00030903409676197313,284.71,4.069999999999993,0.014295247796002997
2025-08-12,291.5,294.75,290.34,292.85,290.12,8570900.0,289.892,292.8485,284.026,289.56,3.2900000000000205,0.01136206658378236,5510100.0,3060800.0,0.5554890110887281,7020480.0,8127695.0,-13.6227429794056,289.4,2.1000000000000227,0.007256392536282075,291.32,3.430000000000007,0.011773994233145624,288.78,1.5600000000000023,0.005402036152088119
2025-08-13,293.95,294.55,287.16,290.53,287.83,8420400.0,289.72799999999995,293.08399999999995,284.5434,292.85,-2.32000000000005,-0.007922144442547574,8570900.0,-150500.0,-0.01755941616399681,7438520.0,8049725.0,-7.592868079344325,291.5,2.4499999999999886,0.008404802744425455,294.75,-0.19999999999998863,-0.0006785411365564098,290.34,-3.17999999999995,-0.010952676172762743
2025-08-14,290.58,294.2,289.64,294.16,291.42,6322400.0,291.17199999999997,293.29699999999997,285.1012,290.53,3.6300000000000523,0.012494406773827293,8420400.0,-2098000.0,-0.2491568096527481,7091580.0,7940370.0,-10.689552250084065,293.95,-3.3700000000000045,-0.01146453478482734,294.55,-0.35000000000002274,-0.0011882532676965596,287.16,2.4799999999999613,0.008636300320378654
2025-08-15,294.84,295.5,289.82,290.49,287.79,7340500.0,291.518,293.25800000000004,285.6266,294.16,-3.670000000000016,-0.012476203426706634,6322400.0,1018100.0,0.161030621283057,7232860.0,7696545.0,-6.024586356605464,290.58,4.259999999999991,0.014660334503406869,294.2,1.3000000000000114,0.004418762746430938,289.64,0.18000000000000682,0.0006214611241541768
2025-08-18,290.0,291.9,288.41,291.53,288.82,5386900.0,291.912,293.286,286.2182,290.49,1.0399999999999636,0.003580157664635486,7340500.0,-1953600.0,-0.2661399087255637,7208220.0,7570985.0,-4.791516559602218,294.84,-4.839999999999975,-0.01641568308234964,295.5,-3.6000000000000227,-0.012182741116751328,289.82,-1.4099999999999682,-0.004865088675729656
2025-08-19,290.83,292.48,289.53,290.66,287.95,6031500.0,291.47400000000005,293.2475,286.7168,291.53,-0.8699999999999477,-0.0029842554797102627,5386900.0,644600.0,0.11966065826356531,6700340.0,7536685.0,-11.096987601312778,290.0,0.8299999999999841,0.002862068965517217,291.9,0.5800000000000409,0.001986981843097091,288.41,1.1199999999999477,0.0038833604937413835
2025-08-20,290.81,293.33,287.27,292.24,289.52,7374200.0,291.81600000000003,293.02149999999995,287.2268,290.66,1.579999999999984,0.005435904493222177,6031500.0,1342700.0,0.22261460664842914,6491100.0,7551220.0,-14.03905594062946,290.83,-0.01999999999998181,-6.87686964893075e-05,292.48,0.8499999999999659,0.002906181619255932,289.53,-2.259999999999991,-0.0078057541532828845
2025-08-21,291.94,292.77,289.47,291.47,288.76,6624000.0,291.278,292.76750000000004,287.68420000000003,292.24,-0.7699999999999818,-0.0026348206953188402,7374200.0,-750200.0,-0.10173306934989557,6551420.0,7532360.0,-13.023010052626269,290.81,1.1299999999999955,0.003885698566074014,293.33,-0.5600000000000023,-0.0019091126035523098,287.27,2.2000000000000455,0.007658300553486486
2025-08-22,293.2,297.16,290.13,296.24,293.48,8552800.0,292.428,292.64849999999996,288.246,291.47,4.769999999999982,0.016365320616186896,6624000.0,1928800.0,0.2911835748792271,6793880.0,7664075.0,-11.354207781108613,291.94,1.259999999999991,0.004315955333287658,292.77,4.390000000000043,0.01499470574170858,289.47,0.6599999999999682,0.0022800290185509553
2025-08-25,296.24,297.35,294.14,294.9,292.16,5856300.0,293.102,292.47950000000003,288.7792,296.24,-1.3400000000000318,-0.004523359438293406,8552800.0,-2696500.0,-0.3152768683939763,6887760.0,7664870.0,-10.138593348615176,293.2,3.0400000000000205,0.010368349249658904,297.16,0.18999999999999773,0.0006393861892584063,290.13,4.009999999999991,0.013821390411195011
2025-08-26,294.16,298.74,293.5,298.57,295.79,6714700.0,294.684,292.556,289.45160000000004,294.9,3.670000000000016,0.012444896575110276,5856300.0,858400.0,0.14657719037617611,7024400.0,7618820.0,-7.801995584618091,296.24,-2.079999999999984,-0.007021334053470052,297.35,1.3899999999999864,0.004674625861778914,294.14,-0.6399999999999864,-0.002175834636567564
2025-08-27,297.25,301.07,297.04,299.28,296.49,6056500.0,296.092,292.5385,290.03,298.57,0.7099999999999795,0.002378001808621022,6714700.0,-658200.0,-0.09802373896078753,6760860.0,7518560.0,-10.077727649975527,294.16,3.089999999999975,0.010504487353820924,298.74,2.329999999999984,0.007799424248510434,293.5,3.5400000000000205,0.012061328790460069
2025-08-28,300.02,301.24,298.7,301.07,298.27,6410500.0,298.012,292.78000000000003,290.661,299.28,1.7900000000000205,0.0059810211173483285,6056500.0,354000.0,0.05844959960373153,6718160.0,7101600.0,-5.399346626112425,297.25,2.769999999999982,0.00931875525651793,301.07,0.17000000000001592,0.000564652738565874,297.04,1.6599999999999682,0.005588472932938293
2025-08-29,302.04,302.95,299.73,301.42,298.61,6796400.0,299.04799999999994,293.3825,291.2102,301.07,0.35000000000002274,0.0011625203441061327,6410500.0,385900.0,0.06019811247172613,6366880.0,6841065.0,-6.931450000840512,300.02,2.0200000000000387,0.0067328844743685945,301.24,1.7099999999999795,0.00567653698048054,298.7,1.0300000000000296,0.0034482758620690834
2025-09-02,300.26,300.46,294.5,299.7,296.91,7221900.0,300.008,293.6545,291.7042,301.42,-1.7200000000000273,-0.005706323402561275,6796400.0,425500.0,0.06260667412159382,6640000.0,6869685.0,-3.343457523889378,302.04,-1.7800000000000296,-0.005893259170970833,302.95,-2.490000000000009,-0.008219178082191858,299.73,-5.230000000000018,-0.01744903746705373
2025-09-03,300.57,300.57,296.38,299.51,296.72,6316900.0,300.19599999999997,294.06149999999997,292.129,299.7,-0.18999999999999773,-0.0006339673006339197,7221900.0,-905000.0,-0.12531328320802004,6560440.0,6826415.0,-3.896261800666968,300.26,0.3100000000000023,0.001032438553253856,300.46,0.11000000000001364,0.0003661053051986496,294.5,1.8799999999999955,0.006383701188454882
2025-09-04,300.0,304.43,298.28,303.82,300.99,6605800.0,301.104,294.685,292.5802,299.51,4.310000000000002,0.014390170611999542,6316900.0,288900.0,0.045734458357738816,6670300.0,6840195.0,-2.4837742198870063,300.57,-0.5699999999999932,-0.0018963968459926317,300.57,3.8600000000000136,0.012842266360581611,296.38,1.8999999999999773,0.006410688980363011
2025-09-05,303.65,305.15,294.31,294.38,291.64,9837700.0,299.76599999999996,295.057,292.7866,303.82,-9.439999999999998,-0.031071028898689956,6605800.0,3231900.0,0.48925186956916655,7355740.0,6929225.0,6.155305968560698,300.0,3.6499999999999773,0.012166666666666659,304.43,0.7199999999999704,0.0023650757152711144,298.28,-3.9699999999999704,-0.013309641947163664
2025-09-08,294.89,296.46,291.44,292.91,290.18,8188500.0,298.06399999999996,295.2645,292.8698,294.38,-1.4699999999999704,-0.00499354575718447,9837700.0,-1649200.0,-0.16764081035201317,7634160.0,7006945.0,8.951333284334329,303.65,-8.759999999999991,-0.02884900378725508,305.15,-8.689999999999998,-0.02847779780435855,294.31,-2.8700000000000045,-0.009751622438924912
2025-09-09,292.6,299.0,292.31,297.85,295.08,7848200.0,297.694,295.679,293.08459999999997,292.91,4.939999999999998,0.016865248711208203,8188500.0,-340300.0,-0.041558282957806725,7759420.0,7123850.0,8.921720698779453,294.89,-2.2899999999999636,-0.007765607514666373,296.46,2.5400000000000205,0.008567766309114377,291.44,0.8700000000000045,0.0029851770518802834
2025-09-10,296.7,301.54,295.4,300.54,297.74,7787300.0,297.9,296.06350000000003,293.29720000000003,297.85,2.6899999999999977,0.00903139164008726,7848200.0,-60900.0,-0.007759741087128291,8053500.0,7084670.0,13.675019443389742,292.6,4.099999999999966,0.014012303485987587,299.0,2.5400000000000205,0.008494983277592016,292.31,3.089999999999975,0.010570969176558975
2025-09-11,301.24,305.73,300.79,305.56,302.72,7942500.0,298.248,296.815,293.60020000000003,300.54,5.019999999999982,0.016703267451919857,7787300.0,155200.0,0.019929885839764738,8320840.0,7060775.0,17.845987161465988,296.7,4.5400000000000205,0.015301651499831648,301.54,4.189999999999998,0.013895337268687413,295.4,5.390000000000043,0.018246445497630548
2025-09-12,305.0,307.55,303.7,306.91,304.05,6846700.0,300.754,297.4525,293.8984,305.56,1.3500000000000227,0.004418117554653822,7942500.0,-1095800.0,-0.13796663519043117,7722640.0,7086990.0,8.96925210844096,301.24,3.759999999999991,0.012481742132518958,305.73,1.8199999999999932,0.005952965034507596,300.79,2.909999999999968,0.00967452375411404
2025-09-15,307.17,309.95,307.17,308.9,306.03,7122000.0,303.952,298.373,294.1564,306.91,1.9899999999999523,0.006483985533218162,6846700.0,275300.0,0.04020915185417784,7509340.0,7076065.0,6.1231065571048315,305.0,2.170000000000016,0.007114754098360709,307.55,2.3999999999999773,0.007803609169240611,303.7,3.4700000000000273,0.011425749094501336
2025-09-16,310.0,310.9,307.13,309.19,306.31,10525600.0,306.22,299.256,294.5008,308.9,0.29000000000002046,0.000938815150534289,7122000.0,3403600.0,0.47789946644201065,8044820.0,7333000.0,9.707077594436111,307.17,2.829999999999984,0.009213139303968498,309.95,0.9499999999999886,0.0030650104855620697,307.17,-0.040000000000020464,-0.00013022105023285935
2025-09-17,310.39,312.91,308.77,311.75,308.85,8657800.0,308.462,300.3105,295.0802,309.19,2.5600000000000023,0.008279698567223992,10525600.0,-1867800.0,-0.177453066808543,8218920.0,7464315.0,10.109501005785528,310.0,0.38999999999998636,0.001258064516129087,310.9,2.0100000000000477,0.00646510131875222,307.13,1.6399999999999864,0.005339758408491546
2025-09-18,311.79,313.44,309.61,313.23,310.31,8050700.0,309.996,301.36,295.6816,311.75,1.4800000000000182,0.004747393744988004,8657800.0,-607100.0,-0.07012173993393245,8240560.0,7498140.0,9.901388877775021,310.39,1.400000000000034,0.004510454589387702,312.91,0.5299999999999727,0.0016937777635741558,308.77,0.8400000000000318,0.002720471548401937
2025-09-19,313.6,315.8,309.12,314.78,311.85,23568600.0,311.57000000000005,302.5255,296.2134,313.23,1.5499999999999545,0.004948440443124813,8050700.0,15517900.0,1.927521830399841,11584940.0,8345370.0,38.81877016836881,311.79,1.8100000000000023,0.00580518939029484,313.44,2.3600000000000136,0.007529351710056087,309.61,-0.4900000000000091,-0.0015826362197604027
2025-09-22,309.8,313.7,309.56,312.44,309.53,7520200.0,312.27799999999996,303.3355,296.725,314.78,-2.339999999999975,-0.007433763263231419,23568600.0,-16048400.0,-0.6809229228719568,11664580.0,8293740.0,40.64318389532346,313.6,-3.8000000000000114,-0.01211734693877553,315.8,-2.1000000000000227,-0.006649778340722001,309.12,0.4399999999999977,0.0014233954451345898
2025-09-23,311.82,316.31,310.58,312.74,309.83,8584400.0,312.988,304.22749999999996,297.2058,312.44,0.30000000000001137,0.000960184355396354,7520200.0,1064200.0,0.14151219382463243,11276340.0,8430145.0,33.76211203959125,309.8,2.019999999999982,0.00652033570045174,313.7,2.6100000000000136,0.008320051004144124,309.56,1.0199999999999818,0.003294999353921746
2025-09-24,314.05,316.58,311.67,313.42,310.5,7310500.0,313.322,304.96999999999997,297.7432,312.74,0.6800000000000068,0.0021743301144721006,8584400.0,-1273900.0,-0.14839709240016774,11006880.0,8459935.0,30.10596417111952,311.82,2.230000000000018,0.007151561798473427,316.31,0.2699999999999818,0.0008535929942143916,310.58,1.0900000000000318,0.00350956275355796
2025-09-25,314.12,315.65,311.8,313.45,310.53,7083200.0,313.366,305.67850000000004,298.2958,313.42,0.029999999999972715,9.571820560272393e-05,7310500.0,-227300.0,-0.031092264550988347,10813380.0,8511270.0,27.04778487816742,314.05,0.06999999999999318,0.00022289444355982901,316.58,-0.9300000000000068,-0.0029376460926148207,311.67,0.12999999999999545,0.000417107838418751
2025-09-26,314.9,317.81,313.7,316.06,313.12,7258100.0,313.62199999999996,306.428,298.819,313.45,2.6100000000000136,0.008326686871909406,7083200.0,174900.0,0.02469222950079053,7551280.0,8553650.0,-11.718623043963689,314.12,0.7799999999999727,0.0024831274672099113,315.65,2.160000000000025,0.006843022334864557,311.8,1.8999999999999773,0.00609364977549709
2025-09-29,317.06,318.01,313.66,315.69,312.75,6462400.0,314.27200000000005,307.1415,299.3074,316.06,-0.37000000000000455,-0.0011706637980130052,7258100.0,-795700.0,-0.10962924181259559,7339720.0,8536950.0,-14.024095256502614,314.9,2.160000000000025,0.006859320419180692,317.81,0.19999999999998863,0.0006293068185392325,313.7,-0.03999999999996362,-0.00012751036021663165
2025-09-30,316.25,317.41,310.11,315.43,312.49,11823300.0,314.81,307.928,299.7966,315.69,-0.2599999999999909,-0.0008235927650542818,6462400.0,5360900.0,0.8295524882396632,7987500.0,8767020.0,-8.891504753040373,317.06,-0.8100000000000023,-0.002554721503816304,318.01,-0.5999999999999659,-0.001886733121599815,313.66,-3.5500000000000114,-0.011317987629917758
2025-10-01,313.97,314.59,307.41,310.71,307.82,9235200.0,314.26800000000003,308.488,300.1822,315.43,-4.720000000000027,-0.01496370034556016,11823300.0,-2588100.0,-0.21889827713075027,8372440.0,8912935.0,-6.064164049216111,316.25,-2.2799999999999727,-0.007209486166007806,317.41,-2.82000000000005,-0.008884408178696512,310.11,-2.6999999999999886,-0.008706587984908531
2025-10-02,310.0,310.56,306.14,307.55,304.69,7600000.0,313.088,308.67449999999997,300.39799999999997,310.71,-3.159999999999968,-0.010170255221910951,9235200.0,-1635200.0,-0.17706167706167708,8475800.0,8962645.0,-5.431934434533556,313.97,-3.9700000000000273,-0.01264452017708706,314.59,-4.029999999999973,-0.012810324549413443,307.41,-1.2700000000000387,-0.004131290458996295
2025-10-03,308.51,311.66,308.21,310.03,307.14,6029900.0,311.882,309.457,300.6676,307.55,2.4799999999999613,0.008063729474881987,7600000.0,-1570100.0,-0.20659210526315785,8230160.0,8772255.0,-6.179653920229177,310.0,-1.490000000000009,-0.004806451612903273,310.56,1.1000000000000227,0.0035419886656362642,306.14,2.069999999999993,0.00676161233422623
2025-10-06,310.18,311.75,305.13,309.18,307.79,7214500.0,310.58000000000004,310.27049999999997,300.87879999999996,310.03,-0.8499999999999659,-0.002741670160952059,6029900.0,1184600.0,0.1964543358928008,8380580.0,8723555.0,-3.931596694237613,308.51,1.670000000000016,0.005413114647823569,311.66,0.08999999999997499,0.00028877623050749257,308.21,-3.079999999999984,-0.009993186463774673
2025-10-07,309.35,310.01,304.7,307.69,306.31,8454200.0,309.032,310.7625,301.067,309.18,-1.490000000000009,-0.004819199172003352,7214500.0,1239700.0,0.1718344999653476,7706760.0,8753855.0,-11.961530091599643,310.18,-0.8299999999999841,-0.002675865626410423,311.75,-1.740000000000009,-0.005581395348837281,305.13,-0.4300000000000068,-0.0014092354078589775
2025-10-08,308.21,308.78,303.55,304.03,302.66,6489900.0,307.69599999999997,310.937,301.2068,307.69,-3.660000000000025,-0.011895089213169174,8454200.0,-1964300.0,-0.2323460528494713,7157700.0,8688985.0,-17.62328971680812,309.35,-1.1400000000000432,-0.0036851462744466046,310.01,-1.2300000000000182,-0.00396761394793721,304.7,-1.1499999999999773,-0.003774204135214898
2025-10-09,305.05,308.04,303.39,305.53,304.16,7060300.0,307.292,310.9355,301.3248,304.03,1.5,0.004933723645692778,6489900.0,570400.0,0.08789041433612232,7049760.0,8644875.0,-18.451568125623563,308.21,-3.159999999999968,-0.010252749748547951,308.78,-0.7399999999999523,-0.0023965282725563197,303.55,-0.160000000000025,-0.000527096030308094
2025-10-10,305.66,310.47,300.81,300.89,299.54,8597400.0,305.464,310.6345,301.4178,305.53,-4.639999999999986,-0.015186724707884625,7060300.0,1537100.0,0.21771029559650446,7563260.0,8732410.0,-13.388629255841172,305.05,0.6100000000000136,0.001999672184887835,308.04,2.430000000000007,0.007888585897935396,303.39,-2.579999999999984,-0.008503905863739725
2025-10-13,305.6,309.46,305.45,307.97,306.59,10788700.0,305.222,310.58799999999997,301.7898,300.89,7.080000000000041,0.023530193758516615,8597400.0,2191300.0,0.25487938213878625,8278100.0,8915745.0,-7.1518981307787515,305.66,-0.060000000000002274,-0.00019629653863773022,310.47,-1.0100000000000477,-0.003253132347731058,300.81,4.639999999999986,0.015425019115056005
2025-10-14,305.84,307.0,294.21,302.08,300.72,16178800.0,304.1,310.23249999999996,301.9462,307.97,-5.890000000000043,-0.01912523947137723,10788700.0,5390100.0,0.4996060693132629,9823020.0,9198405.0,6.79047073922055,305.6,0.23999999999995225,0.0007853403141360182,309.46,-2.4599999999999795,-0.007949331092871437,305.45,-11.240000000000009,-0.03679816663938451
2025-10-15,306.39,312.12,305.44,305.69,304.32,11354800.0,304.432,309.9295,302.23260000000005,302.08,3.6100000000000136,0.011950476694915224,16178800.0,-4824000.0,-0.29816797290281105,10796000.0,9333255.0,15.672399393352052,305.84,0.5500000000000114,0.0017983259220508696,307.0,5.1200000000000045,0.016677524429967505,294.21,11.230000000000018,0.03817001461541092
2025-10-16,305.35,308.68,297.07,298.54,297.2,10549400.0,303.034,309.195,302.3764,305.69,-7.149999999999977,-0.02338970852824751,11354800.0,-805400.0,-0.07093035544439352,11493820.0,9458190.0,21.52240544966849,306.39,-1.0399999999999636,-0.003394366656875092,312.12,-3.4399999999999977,-0.011021402024862237,305.44,-8.370000000000005,-0.02740309062336299
2025-10-17,299.16,299.55,294.2,297.56,296.22,10153500.0,302.368,308.33399999999995,302.5888,298.54,-0.9800000000000182,-0.0032826421920011395,10549400.0,-395900.0,-0.03752820065596152,11805040.0,8787435.0,34.33999796300058,305.35,-6.189999999999998,-0.02027181922384147,308.68,-9.129999999999995,-0.029577556045095266,297.07,-2.8700000000000045,-0.009661022654593232
2025-10-20,298.5,303.69,298.16,302.36,301.0,6894900.0,301.246,307.83000000000004,302.8608,297.56,4.800000000000011,0.01613120043016547,10153500.0,-3258600.0,-0.3209336681932339,11026280.0,8756170.0,25.92583286985063,299.16,-0.660000000000025,-0.002206177296430134,299.55,4.139999999999986,0.013820731096644945,294.2,3.9600000000000364,0.013460231135282275
2025-10-21,301.66,304.05,297.0,297.09,295.76,7372700.0,300.248,307.0475,303.0114,302.36,-5.270000000000039,-0.01742955417383263,6894900.0,477800.0,0.06929759677442737,9265060.0,8695585.0,6.549013091126129,298.5,3.160000000000025,0.010586264656616606,303.69,0.36000000000001364,0.0011854193420923753,298.16,-1.160000000000025,-0.0038905285752617313
2025-10-22,297.77,298.06,290.54,294.11,292.79,8054100.0,297.93199999999996,306.082,303.0366,297.09,-2.9799999999999613,-0.010030630448685462,7372700.0,681400.0,0.0924220434847478,8604920.0,8732765.0,-1.463969315560421,301.66,-3.890000000000043,-0.012895312603593556,304.05,-5.990000000000009,-0.019700707120539396,297.0,-6.4599999999999795,-0.021750841750841632
2025-10-23,294.38,296.37,292.51,294.54,293.22,5438800.0,297.132,305.13649999999996,303.1168,294.11,0.4300000000000068,0.001462038012988387,8054100.0,-2615300.0,-0.324716603965682,7582800.0,8650545.0,-12.343095146028372,297.77,-3.3899999999999864,-0.011384625717835828,298.06,-1.6899999999999977,-0.005669999328994146,290.54,1.9699999999999704,0.006780477731121337
2025-10-24,296.08,302.6,295.45,300.44,299.09,7228300.0,297.70799999999997,304.3555,303.2424,294.54,5.899999999999977,0.020031235146329873,5438800.0,1789500.0,0.32902478487901754,6997760.0,8649055.0,-19.092201402349737,294.38,1.6999999999999886,0.005774848834839252,296.37,6.230000000000018,0.021021021021021102,292.51,2.9399999999999977,0.01005093842945537
2025-10-27,302.16,304.53,301.01,304.15,302.78,5642200.0,298.066,303.7785,303.51559999999995,300.44,3.7099999999999795,0.012348555452003751,7228300.0,-1586100.0,-0.21942918805251577,6747220.0,8608045.0,-21.61727779071787,296.08,6.080000000000041,0.02053499054309671,302.6,1.92999999999995,0.006378056840713686,295.45,5.560000000000002,0.018818751057708694
2025-10-28,304.86,307.97,303.16,305.36,303.99,6336000.0,299.71999999999997,303.275,303.79220000000004,304.15,1.2100000000000364,0.003978300180832006,5642200.0,693800.0,0.12296621885080294,6539880.0,8333680.0,-21.524704572289792,302.16,2.6999999999999886,0.008935663224781454,304.53,3.4400000000000546,0.011296095622763236,301.01,2.150000000000034,0.007142619846516762
2025-10-29,303.51,308.25,303.01,305.51,304.14,7520300.0,302.0,303.015,304.0892,305.36,0.14999999999997726,0.0004912234739322674,6336000.0,1184300.0,0.1869160353535353,6433120.0,8247935.0,-22.003265059678572,304.86,-1.3500000000000227,-0.004428262153119533,307.97,0.2799999999999727,0.0009091794655322616,303.16,-0.1500000000000341,-0.0004947882306374218
2025-10-30,305.79,312.61,305.1,309.44,308.05,7514600.0,304.97999999999996,303.10949999999997,304.4332,305.51,3.930000000000007,0.012863736047919794,7520300.0,-5700.0,-0.0007579484860976704,6848280.0,8243665.0,-16.92675527207862,303.51,2.2800000000000296,0.007512108332509815,308.25,4.360000000000014,0.014144363341443755,303.01,2.090000000000032,0.006897462129962895
2025-10-31,308.54,312.87,307.25,311.12,309.72,7721300.0,307.11600000000004,303.16400000000004,304.8262,309.44,1.6800000000000068,0.005429162357807771,7514600.0,206700.0,0.027506454102680156,6946880.0,8328235.0,-16.586407564147745,305.79,2.75,0.008993099839759378,312.61,0.2599999999999909,0.0008317072390517932,305.1,2.1499999999999773,0.007046869878728268
2025-11-03,311.0,312.32,306.21,309.35,307.96,7770000.0,308.156,303.1725,305.0884,311.12,-1.7699999999999818,-0.005689123167909482,7721300.0,48700.0,0.0063072280574514306,7372440.0,8356010.0,-11.770809273804124,308.54,2.4599999999999795,0.007973034290529535,312.87,-0.5500000000000114,-0.0017579186243488198,307.25,-1.0400000000000205,-0.0033848657445078034
2025-11-04,306.71,312.22,305.1,309.25,307.86,7085200.0,308.934,303.2505,305.3754,309.35,-0.10000000000002274,-0.00032325844512692825,7770000.0,-684800.0,-0.08813384813384817,7522280.0,8287560.0,-9.23408095989652,311.0,-4.2900000000000205,-0.013794212218649626,312.32,-0.0999999999999659,-0.00032018442622938625,306.21,-1.1099999999999568,-0.003624963260507319
2025-11-05,309.61,313.1,305.63,311.68,310.28,6865200.0,310.168,303.633,305.6376,309.25,2.430000000000007,0.007857720291026604,7085200.0,-220000.0,-0.03105064077231412,7391260.0,8306325.0,-11.016484426024746,306.71,2.900000000000034,0.009455185680284472,312.22,0.8799999999999955,0.0028185253987573766,305.1,0.5299999999999727,0.0017371353654538346
2025-11-06,310.99,314.84,310.26,313.42,312.01,7206100.0,310.96400000000006,304.02750000000003,305.92040000000003,311.68,1.740000000000009,0.005582648870636531,6865200.0,340900.0,0.049656237254559255,7329560.0,8313615.0,-11.836667923640919,309.61,1.3799999999999955,0.004457220374018966,313.1,1.7399999999999523,0.005557329926540788,305.63,4.6299999999999955,0.015149036416582051
2025-11-07,311.89,314.43,307.64,314.21,312.8,7302300.0,311.582,304.6935,306.1832,313.42,0.7899999999999636,0.0025205794142044713,7206100.0,96200.0,0.013349800863157624,7245760.0,8248860.0,-12.16046823439845,310.99,0.8999999999999773,0.0028939837293802118,314.84,-0.40999999999996817,-0.001302248761275493,310.26,-2.6200000000000045,-0.008444530393863281
2025-11-10,315.0,319.56,314.21,316.89,315.47,5794100.0,313.09000000000003,305.1395,306.49260000000004,314.21,2.680000000000007,0.008529327519811503,7302300.0,-1508200.0,-0.20653766621475422,6850580.0,7999130.0,-14.358436479967196,311.89,3.1100000000000136,0.009971464298310417,314.43,5.1299999999999955,0.016315237095696933,307.64,6.569999999999993,0.021356130542192098
2025-11-11,317.5,319.05,315.28,315.62,314.2,5030200.0,314.36400000000003,305.8165,306.811,316.89,-1.2699999999999818,-0.004007699832749512,5794100.0,-763900.0,-0.13184101068328125,6439580.0,7441700.0,-13.4662778666165,315.0,2.5,0.007936507936507908,319.56,-0.5099999999999909,-0.0015959444235823517,314.21,1.0699999999999932,0.003405365838133667
2025-11-12,316.26,322.25,316.21,320.41,318.97,10578300.0,316.11,306.5525,307.229,315.62,4.7900000000000205,0.015176478043216646,5030200.0,5548100.0,1.1029581328774203,7182200.0,7402875.0,-2.9809364604967663,317.5,-1.240000000000009,-0.0039055118110236098,319.05,3.1999999999999886,0.010029775897194781,315.28,0.9300000000000068,0.0029497589444302807
2025-11-13,319.23,320.63,309.1,309.48,308.09,8973300.0,315.322,307.0995,307.3422,320.41,-10.930000000000007,-0.03411254330389191,10578300.0,-1605000.0,-0.15172570261762286,7535640.0,7324070.0,2.888694400790817,316.26,2.9700000000000273,0.009391007398975582,322.25,-1.6200000000000045,-0.005027152831652448,316.21,-7.109999999999957,-0.0224850573985641
2025-11-14,307.51,307.64,301.23,303.61,302.25,10327000.0,313.20200000000006,307.40200000000004,307.5268,309.48,-5.8700000000000045,-0.018967299987075137,8973300.0,1353700.0,0.15085865846455593,8140580.0,7332745.0,11.01681566725694,319.23,-11.720000000000027,-0.03671334147793137,320.63,-12.990000000000009,-0.040513988085955854,309.1,-7.8700000000000045,-0.025461015852474955
2025-11-17,304.0,305.59,297.67,300.37,299.02,8344000.0,309.898,307.3025,307.67600000000004,303.61,-3.240000000000009,-0.010671585257402638,10327000.0,-1983000.0,-0.19202091604531812,8650560.0,7405200.0,16.817371576729865,307.51,-3.509999999999991,-0.011414262950798282,307.64,-2.0500000000000114,-0.006663632817578979,301.23,-3.5600000000000023,-0.011818211997477013
2025-11-18,299.5,302.95,297.02,299.41,298.07,8077300.0,306.656,307.4185,307.7072,300.37,-0.9599999999999795,-0.0031960581948928812,8344000.0,-266700.0,-0.0319630872483222,9259980.0,7440430.0,24.45490381604289,304.0,-4.5,-0.014802631578947345,305.59,-2.6399999999999864,-0.008639026146143536,297.67,-0.6500000000000341,-0.0021836261632010023
2025-11-19,299.74,304.45,299.27,303.27,301.91,5546600.0,303.228,307.87649999999996,307.7618,299.41,3.859999999999957,0.012892020974583307,8077300.0,-2530700.0,-0.3133101407648595,8253640.0,7315055.0,12.830867300382568,299.5,0.2400000000000091,0.0008013355592655369,302.95,1.5,0.004951312097705829,297.02,2.25,0.007575247458083689
2025-11-20,306.34,309.92,298.16,298.38,297.04,7501600.0,301.008,308.0685,307.6182,303.27,-4.889999999999986,-0.01612424572163418,5546600.0,1955000.0,0.3524681787040709,7959300.0,7418195.0,7.294294636363698,299.74,6.599999999999966,0.022019083205444545,304.45,5.470000000000027,0.01796682542289374,299.27,-1.1099999999999568,-0.0037090252948840385
2025-11-21,301.29,301.68,292.81,298.02,296.68,11766800.0,299.89,307.94750000000005,307.4404,298.38,-0.36000000000001364,-0.0012065151819827813,7501600.0,4265200.0,0.5685720379652341,8247260.0,7645120.0,7.8761353647817165,306.34,-5.0499999999999545,-0.016484951361232514,309.92,-8.240000000000009,-0.026587506453278342,298.16,-5.350000000000023,-0.0179433861014221
2025-11-24,298.24,299.82,294.51,298.0,296.66,10940200.0,299.416,307.64,307.2224,298.02,-0.01999999999998181,-6.710958996036798e-05,11766800.0,-826600.0,-0.07024849576775338,8766500.0,7910020.0,10.82778551760931,301.29,-3.0500000000000114,-0.010123137176806463,301.68,-1.8600000000000136,-0.0061654733492443325,292.81,1.6999999999999886,0.0058058126430107215
2025-11-25,300.05,304.5,295.56,303.0,301.64,8877200.0,300.134,307.52200000000005,307.09860000000003,298.0,5.0,0.016778523489932917,10940200.0,-2063000.0,-0.18857059285936273,8926480.0,8037080.0,11.066208125339054,298.24,1.8100000000000023,0.006068937768240357,299.82,4.680000000000007,0.015609365619371651,294.51,1.0500000000000114,0.003565243964551268
2025-11-26,305.0,308.53,303.2,307.64,306.26,7910900.0,301.008,307.6285,307.0164,303.0,4.639999999999986,0.015313531353135179,8877200.0,-966300.0,-0.10885189023565989,9399340.0,8056610.0,16.666190866878253,300.05,4.949999999999989,0.016497250458257007,304.5,4.029999999999973,0.013234811165845572,295.56,7.639999999999986,0.02584923534984429
2025-11-28,309.1,313.72,308.24,313.08,311.67,4322400.0,303.948,307.8105,307.0134,307.64,5.439999999999998,0.0176830061110389,7910900.0,-3588500.0,-0.45361463297475635,8763500.0,7897000.0,10.972521210586299,305.0,4.100000000000023,0.013442622950819771,308.53,5.190000000000055,0.01682170291381735,303.2,5.0400000000000205,0.01662269129287597
2025-12-01,312.95,314.04,308.54,308.92,307.53,7727300.0,306.128,307.7005,306.89619999999996,313.08,-4.159999999999968,-0.013287338699373819,4322400.0,3404900.0,0.7877336664815844,7955600.0,7897300.0,0.7382269889709141,309.1,3.849999999999966,0.01245551601423478,313.72,0.3199999999999932,0.0010200178503123603,308.24,0.30000000000001137,0.0009732675837010873
2025-12-02,308.74,310.48,307.09,307.88,306.5,7249000.0,308.104,307.627,306.805,308.92,-1.0400000000000205,-0.003366567396089648,7727300.0,-478300.0,-0.061897428597310844,7217360.0,7871250.0,-8.307320946482452,312.95,-4.2099999999999795,-0.013452628215369855,314.04,-3.5600000000000023,-0.011336135524137037,308.54,-1.4500000000000455,-0.004699552732222889
2025-12-03,307.2,312.36,306.8,312.13,310.73,8535300.0,309.92999999999995,307.771,306.7928,307.88,4.25,0.01380407951149798,7249000.0,1286300.0,0.17744516485032413,7148980.0,7943755.0,-10.005029107770822,308.74,-1.5400000000000205,-0.004988015806180024,310.48,1.8799999999999955,0.006055140427724703,307.09,-0.2899999999999636,-0.0009443485623106262
2025-12-04,313.26,318.49,313.0,316.1,314.68,9627800.0,311.622,307.992,306.8464,312.13,3.9700000000000273,0.012719059366289809,8535300.0,1092500.0,0.1279978442468337,7492360.0,8081885.0,-7.294399759462056,307.2,6.060000000000002,0.019726562500000044,312.36,6.1299999999999955,0.01962479190677424,306.8,6.199999999999989,0.020208604954367715
2025-12-05,315.64,318.48,314.68,315.04,313.63,6518900.0,312.014,308.073,306.8782,316.1,-1.0600000000000023,-0.0033533691869661597,9627800.0,-3108900.0,-0.3229086603377719,7931660.0,8047525.0,-1.4397594291412579,313.26,2.3799999999999955,0.007597522824490888,318.49,-0.009999999999990905,-3.1398160067808156e-05,313.0,1.6800000000000068,0.005367412140575123
2025-12-08,315.06,316.47,313.35,315.21,313.79,7417200.0,313.27200000000005,308.123,306.8612,315.04,0.16999999999995907,0.0005396140172675423,6518900.0,898300.0,0.13779932197149836,7869640.0,8053270.0,-2.2801917730313277,315.64,-0.5799999999999841,-0.001837536433912046,318.48,-2.009999999999991,-0.006311228334589303,314.68,-1.329999999999984,-0.004226515825600519
2025-12-09,314.95,318.8,300.02,300.51,299.16,18049200.0,311.79799999999994,307.304,306.55760000000004,315.21,-14.699999999999989,-0.046635576282478275,7417200.0,10632000.0,1.433425012133959,10029680.0,8666025.0,15.735645812238023,315.06,-0.11000000000001364,-0.00034913984637852113,316.47,2.329999999999984,0.007362467216481816,313.35,-13.330000000000041,-0.04254029041008467
2025-12-10,300.5,311.19,298.46,310.11,308.72,18874100.0,311.394,307.0285,306.4512,300.51,9.600000000000023,0.031945692323051,18049200.0,824900.0,0.045702856636305134,12097440.0,9358220.0,29.27073738381872,314.95,-14.449999999999989,-0.04588029846007302,318.8,-7.610000000000014,-0.023870765370138103,300.02,-1.5600000000000023,-0.0051996533564429015
2025-12-11,309.24,318.0,309.24,317.38,315.95,9721900.0,311.65,306.877,306.58459999999997,310.11,7.269999999999982,0.023443294314920538,18874100.0,-9152200.0,-0.48490788964771825,12116260.0,9315400.0,30.066985851385873,300.5,8.740000000000009,0.02908485856905152,311.19,6.810000000000002,0.021883736623927508,298.46,10.78000000000003,0.03611874288011796
2025-12-12,319.68,320.27,316.6,318.52,317.09,8982900.0,312.346,307.329,306.80400000000003,317.38,1.1399999999999864,0.0035919087529143745,9721900.0,-739000.0,-0.07601394789084437,12609060.0,9315880.0,35.350176258174216,309.24,10.439999999999998,0.033760186263096514,318.0,2.269999999999982,0.007138364779874173,309.24,7.360000000000014,0.023800284568619823
2025-12-15,319.59,322.88,318.39,320.02,318.58,10864100.0,313.308,308.1495,307.00379999999996,318.52,1.5,0.004709280421951512,8982900.0,1881200.0,0.20942012045107927,13298440.0,9342735.0,42.33990367916889,319.68,-0.09000000000003183,-0.00028153153153165356,320.27,2.6100000000000136,0.008149373965716578,316.6,1.7899999999999636,0.005653821857233066
2025-12-16,319.09,319.52,314.4,315.55,314.13,8331300.0,316.31600000000003,308.9085,307.1312,320.02,-4.46999999999997,-0.01396787700768698,10864100.0,-2532800.0,-0.23313482018759035,11354860.0,9342100.0,21.545048757773948,319.59,-0.5,-0.0015645045214180975,322.88,-3.3600000000000136,-0.010406342913776068,318.39,-3.990000000000009,-0.012531800621878864
2025-12-17,318.43,319.37,314.66,314.98,313.57,8718700.0,317.29,309.687,307.277,315.55,-0.5699999999999932,-0.0018063698304547904,8331300.0,387400.0,0.046499345840385065,9323780.0,9374170.0,-0.5375409236231048,319.09,-0.6599999999999682,-0.0020683819612020704,319.52,-0.14999999999997726,-0.00046945418127186667,314.4,0.26000000000004775,0.0008269720101783395
2025-12-18,316.0,317.7,312.22,313.0,311.59,11444900.0,316.41400000000004,310.1735,307.4564,314.98,-1.9800000000000182,-0.006286113404025739,8718700.0,2726200.0,0.31268423044719973,9668380.0,9669085.0,-0.007291279371315899,318.43,-2.430000000000007,-0.007631190528530674,319.37,-1.670000000000016,-0.005229044681717143,314.66,-2.4399999999999977,-0.0077544015763045815
2025-12-19,313.79,318.56,313.19,317.21,315.79,24494400.0,316.15200000000004,311.115,307.69,313.0,4.2099999999999795,0.013450479233226842,11444900.0,13049500.0,1.1402021861265719,12770680.0,10518725.0,21.409011073110097,316.0,-2.2099999999999795,-0.006993670886075831,317.7,0.8600000000000136,0.0027069562480328546,312.22,0.9699999999999704,0.0031067836781755176
2025-12-22,317.51,323.23,317.51,323.09,321.64,8354600.0,316.766,312.3685,308.13399999999996,317.21,5.8799999999999955,0.01853661612181212,24494400.0,-16139800.0,-0.658917956757463,12268780.0,10348115.0,18.560530106207747,313.79,3.7199999999999704,0.011855062302813968,318.56,4.670000000000016,0.014659718734304494,313.19,4.319999999999993,0.013793543855167734
2025-12-23,323.61,327.78,323.09,325.93,324.47,6668300.0,318.842,313.765,308.4932,323.09,2.840000000000032,0.008790120399888579,8354600.0,-1686300.0,-0.20184090201804994,11936180.0,10134520.0,17.77745763982902,317.51,6.100000000000023,0.019211993323045018,323.23,4.5499999999999545,0.014076663676020118,317.51,5.579999999999984,0.017574249629932925
2025-12-24,326.24,329.99,325.5,329.17,327.69,4289300.0,321.67999999999995,315.07349999999997,309.035,325.93,3.240000000000009,0.009940784831098837,6668300.0,-2379000.0,-0.3567625931646746,11050300.0,9905125.0,11.561439153973321,323.61,2.6299999999999955,0.0081270665307005,327.78,2.2100000000000364,0.006742327170663254,323.09,2.410000000000025,0.007459221888638012
2025-12-26,329.11,330.86,326.54,327.91,326.44,4158300.0,324.662,316.08700000000005,309.4794,329.17,-1.259999999999991,-0.003827809338639576,4289300.0,-131000.0,-0.030541113934674624,9592980.0,9717495.0,-1.281348742654357,326.24,2.8700000000000045,0.00879720451201571,329.99,0.8700000000000045,0.0026364435285917143,325.5,1.0400000000000205,0.0031950844854071736
2025-12-29,327.0,327.77,323.53,323.75,322.3,8635300.0,325.96999999999997,316.62050000000005,309.9836,327.91,-4.160000000000025,-0.012686407855814208,4158300.0,4477000.0,1.0766418969290337,6421160.0,9933140.0,-35.35619149634456,329.11,-2.1100000000000136,-0.006411230287745817,330.86,-3.090000000000032,-0.009339297588103812,326.54,-3.0100000000000477,-0.009217859986525578
2025-12-30,324.81,324.94,322.49,323.42,321.97,7904300.0,326.036,317.3455,310.50079999999997,323.75,-0.3299999999999841,-0.001019305019304917,8635300.0,-731000.0,-0.0846525308906465,6331100.0,9941990.0,-36.319589941249184,327.0,-2.1899999999999977,-0.006697247706421994,327.77,-2.829999999999984,-0.008634103182109332,323.53,-1.0399999999999636,-0.0032145396099279022
2025-12-31,324.34,324.88,322.04,322.22,320.77,5048500.0,325.294,318.0625,310.898,323.42,-1.1999999999999886,-0.0037103456805391843,7904300.0,-2855800.0,-0.3612970155484989,6007140.0,9831965.0,-38.90193872740596,324.81,-0.4700000000000273,-0.0014469997844894777,324.94,-0.060000000000002274,-0.00018464947374896568,322.49,-0.44999999999998863,-0.00139539210518147
2026-01-02,322.5,325.73,320.74,325.48,324.02,8054000.0,324.55600000000004,318.73,311.4658,322.22,3.259999999999991,0.010117311153869935,5048500.0,3005500.0,0.5953253441616322,6760080.0,9807900.0,-31.07515370262747,324.34,-1.839999999999975,-0.005673059135475,324.88,0.8500000000000227,0.002616350652548727,322.04,-1.3000000000000114,-0.004036765619177762
2026-01-05,325.5,337.25,325.19,334.04,332.54,10752600.0,325.78200000000004,319.627,312.26439999999997,325.48,8.560000000000002,0.026299619024210408,8054000.0,2698600.0,0.3350633225726347,8078940.0,9864140.0,-18.09787776734718,322.5,3.0,0.009302325581395321,325.73,11.519999999999982,0.0353667147637613,320.74,4.449999999999989,0.013874165991145437
2026-01-06,332.62,335.87,330.65,334.61,334.61,7660800.0,327.954,320.6055,313.06579999999997,334.04,0.5699999999999932,0.001706382469165435,10752600.0,-3091800.0,-0.28753975782601415,7884040.0,9921235.0,-20.53368355854891,325.5,7.1200000000000045,0.02187403993855619,337.25,-1.3799999999999955,-0.004091919940696798,325.19,5.4599999999999795,0.016790184200005998
2026-01-07,331.14,332.15,324.6,326.99,326.99,9815200.0,328.668,321.19449999999995,313.59680000000003,334.61,-7.6200000000000045,-0.022772780251636204,7660800.0,2154400.0,0.28122389306599826,8266220.0,10041135.0,-17.67643797240053,332.62,-1.4800000000000182,-0.004449521977030857,335.87,-3.7200000000000273,-0.011075713817846222,330.65,-6.0499999999999545,-0.018297293210343124
2026-01-08,326.39,331.4,325.65,329.79,329.79,11737100.0,330.182,322.6585,314.1096,326.99,2.8000000000000114,0.00856295299550447,9815200.0,1921900.0,0.19580854185345187,9603940.0,9725530.0,-1.2502146412586255,331.14,-4.75,-0.01434438606027666,332.15,-0.75,-0.0022580159566460978,324.6,1.0499999999999545,0.0032347504621070833
2026-01-09,329.34,331.9,328.17,329.19,329.19,6738100.0,330.924,323.6125,314.5862,329.79,-0.6000000000000227,-0.0018193395797325707,11737100.0,-4999000.0,-0.4259144081587445,9340760.0,9118730.0,2.4348785412003644,326.39,2.9499999999999886,0.009038267103771425,331.4,0.5,0.0015087507543753986,325.65,2.5200000000000387,0.007738369415016155
2026-01-12,321.88,326.02,321.23,324.49,324.49,12805100.0,329.014,323.96799999999996,314.9658,329.19,-4.699999999999989,-0.014277468938910576,6738100.0,6067000.0,0.9004021905284874,9751260.0,9272890.0,5.158801624951876,329.34,-7.4599999999999795,-0.022651363332725993,331.9,-5.8799999999999955,-0.017716179572160318,328.17,-6.939999999999998,-0.02114757595148853
2026-01-13,324.3,326.86,310.57,310.9,310.9,19371200.0,324.272,323.58700000000005,314.995,324.49,-13.590000000000032,-0.04188110573515369,12805100.0,6566100.0,0.5127722548047262,12093340.0,9792305.0,23.498400019198748,321.88,2.420000000000016,0.007518329812352453,326.02,0.8400000000000318,0.002576529047297882,321.23,-10.660000000000025,-0.03318494536624861
2026-01-14,308.2,311.76,306.12,307.87,307.87,25951500.0,320.448,322.97950000000003,314.93,310.9,-3.0299999999999727,-0.009745899002894687,19371200.0,6580300.0,0.3396950111505741,15320600.0,10546675.0,45.2647398350665,324.3,-16.100000000000023,-0.04964539007092206,326.86,-15.100000000000023,-0.04619714862632329,310.57,-4.449999999999989,-0.014328492771355839
2026-01-15,308.47,312.94,307.75,309.26,309.26,14751400.0,316.342,322.66499999999996,314.9282,307.87,1.3899999999999864,0.004514892649494895,25951500.0,-11200100.0,-0.4315781361385662,15923460.0,10867680.0,46.52124464467117,308.2,0.27000000000003865,0.0008760545100585659,311.76,1.1800000000000068,0.003784962791891111,306.12,1.6299999999999955,0.005324709264340699
2026-01-16,310.35,317.21,310.0,312.47,312.47,14652500.0,312.99799999999993,322.5395,314.99260000000004,309.26,3.2100000000000364,0.010379615857207591,14751400.0,-98900.0,-0.006704448391339102,17506340.0,11164370.0,56.80544446305523,308.47,1.8799999999999955,0.006094595908840317,312.94,4.269999999999982,0.013644788138301278,307.75,2.25,0.007311129163281915
2026-01-20,306.21,311.15,301.86,302.74,302.74,12900600.0,308.648,322.02650000000006,314.8138,312.47,-9.730000000000018,-0.031138989342976986,14652500.0,-1751900.0,-0.1195632144685207,17525440.0,11237155.0,55.95976027740117,310.35,-4.140000000000043,-0.01333977767037231,317.21,-6.060000000000002,-0.019104063554112427,310.0,-8.139999999999986,-0.026258064516129
2026-01-21,303.43,305.4,301.15,302.04,302.04,10270100.0,306.87600000000003,321.26800000000003,314.58619999999996,302.74,-0.6999999999999886,-0.002312215102067694,12900600.0,-2630500.0,-0.20390524471729998,15705220.0,10525940.0,49.204916615523175,306.21,-2.7799999999999727,-0.009078736814604249,311.15,-5.75,-0.01847983287803312,301.86,-0.7100000000000364,-0.002352083747432676
2026-01-22,304.86,308.2,302.9,303.63,303.63,10535800.0,306.028,320.29499999999996,314.37460000000004,302.04,1.589999999999975,0.005264203416765811,10270100.0,265700.0,0.02587121839125217,12622080.0,10635000.0,18.684344146685472,303.43,1.4300000000000068,0.0047127838381175735,305.4,2.8000000000000114,0.00916830386378531,301.15,1.75,0.00581105761248546
2026-01-23,302.0,302.37,296.51,297.72,297.72,11107900.0,303.72,318.8845,313.9912,303.63,-5.909999999999968,-0.019464479794486622,10535800.0,572100.0,0.054300575181761124,11893380.0,10856980.0,9.54593266267415,304.86,-2.8600000000000136,-0.009381355376238298,308.2,-5.829999999999984,-0.018916288124594338,302.9,-6.389999999999986,-0.02109607131066349
2026-01-26,297.81,301.78,297.45,301.04,301.04,11752700.0,301.434,317.478,313.69960000000003,297.72,3.319999999999993,0.01115141743920467,11107900.0,644800.0,0.058048776096291776,11313420.0,11230150.0,0.7414860887877722,302.0,-4.189999999999998,-0.013874172185430411,302.37,-0.5900000000000318,-0.0019512517776235638,296.51,0.9399999999999977,0.003170213483524975
2026-01-27,301.33,301.97,298.15,300.31,300.31,11527400.0,300.948,316.098,313.29760000000005,301.04,-0.7300000000000182,-0.002424926920010728,11752700.0,-225300.0,-0.01917006304934188,11038780.0,11598605.0,-4.826658033444539,297.81,3.519999999999982,0.01181961653403163,301.78,0.19000000000005457,0.0006295977201937752,297.45,0.6999999999999886,0.002353336695242847
2026-01-28,300.27,301.92,298.05,300.77,300.77,9556700.0,300.694,314.94899999999996,313.1234,300.31,0.45999999999997954,0.0015317505244580865,11527400.0,-1970700.0,-0.17095789163211128,10896100.0,11644675.0,-6.428474817888863,301.33,-1.0600000000000023,-0.0035177380280755344,301.97,-0.05000000000001137,-0.00016557936218830616,298.15,-0.0999999999999659,-0.000335401643467903
2026-01-29,302.4,306.83,302.22,306.42,306.42,11580000.0,301.25200000000007,314.099,313.17960000000005,300.77,5.650000000000034,0.01878511819662876,9556700.0,2023300.0,0.21171534106961598,11104940.0,11828460.0,-6.116772597616258,300.27,2.1299999999999955,0.007093615745828785,301.92,4.909999999999968,0.016262586115527222,298.05,4.170000000000016,0.01399094111726229
2026-01-30,305.25,307.93,302.56,305.89,305.89,11951400.0,302.886,313.2825,313.29,306.42,-0.5300000000000296,-0.001729652111481017,11580000.0,371400.0,0.03207253886010353,11273640.0,12173605.0,-7.392756706004508,302.4,2.8500000000000227,0.009424603174603252,306.83,1.1000000000000227,0.0035850470944822632,302.22,0.339999999999975,0.0011250082721194765
2026-02-02,304.46,309.29,301.37,308.14,308.14,7980536.0,304.3059999999999,312.41549999999995,313.4646,305.89,2.25,0.007355585341135784,11951400.0,-3970864.0,-0.3322509496795355,10519207.2,12169931.8,-13.563959331308673,305.25,-0.7900000000000205,-0.0025880425880426827,307.93,1.3600000000000136,0.004416588185626624,302.56,-1.1899999999999977,-0.003933104177683777
